id,user,novel,clickedAt
c85ufr1l67r7w3r,w3l3c7jy7ewyc5s6,a7punyv7e24r6is,2024-03-03 16:23:52
n7vrzz9w0sh4xcd,c5p3p65z47wwn8es,u9tubuk3t87l4sk,2023-12-28 23:42:07
s22ica1c1sa5bmx,e3lvg2al02lfu5xe,c8oevjx5k63m4n9,2024-05-27 00:01:58
n2bbuq9c7md0jpq,j4i4f39g4qhxw5ce,p1dmnyn9261a7dv,2024-08-08 05:20:33
m3ez8i4q09e5eqt,r0p5o9dl8lc4j4ar,v7vkaxi8163g8jm,2024-06-27 12:47:39
w1dyaw6c4hx6s7v,v4q2w5ak2rujw8y9,g8tge2l8w76y1m6,2024-01-20 16:17:21
b9nxtg6c3kc5rrq,t9sxa7aj16yxu5mk,b8mzkfb8w55n4ul,2024-07-22 22:43:41
v2knon5f9ru5r9e,k2c0z97s4seqm8mo,i5c4xqu4c09y2aj,2024-04-10 20:16:38
g1ubcc4o5di3mkx,q3oid19k12nwh4or,k3i8cap4r90y6t0,2024-05-15 01:37:04
k4dcsw6k01f7qqs,k8sym0hu1xjah0t9,a7punyv7e24r6is,2024-08-10 03:01:17
t41gzw6s9ho3sva,w3l3c7jy7ewyc5s6,q8tmftx9027k0li,2024-04-16 01:11:28
o5icsi4y6go3qpu,r0p5o9dl8lc4j4ar,u7wxn3v1j42f5no,2024-03-14 23:05:13
q5xfxh7l4zu2rjm,z1jeq60y32sfe3ok,z0b2zxe8i74w0kk,2023-11-19 13:46:45
i95jgd0r9wv5lcf,x4w1d1ru3wzax7vj,b6grilw9c84x3bp,2024-09-24 03:56:30
o2oh3n3t45e8phc,k2ygo7ba2fvgs7ev,e8pfw6n7a05b3iz,2023-12-31 00:33:23
g2rvua8y04h2v0i,x0npe99e3dj9a5es,a9ssfqa2e55z3an,2024-09-23 14:43:50
f9nm0b3k53s6vpy,e5c4e6qm1bqlx8o6,n8arm9n2a46x1s6,2024-08-27 17:18:10
n8koey3u9sr8jxx,p4hla26u0et2j4vz,i5c4xqu4c09y2aj,2023-12-22 23:46:33
r6ulaw9q2fl3etl,w5tlw79t3nhzv2ai,a8i6wgh9o68r1cm,2024-10-13 03:14:43
p9lhma3l4xw0vqv,g2dkt6gt7txlx4ya,h5wexkc4l94k3rr,2023-11-15 15:11:20
p6fgmo1m0cz8ygt,z1jeq60y32sfe3ok,f1cxvgo9158b2ed,2024-06-04 03:17:55
e0swcd5y06k3hzp,m8lvy8zx4kjvc2q3,d0b1cuw2792l2r7,2024-08-13 01:14:35
v7gjge8z5sc8wjd,y3tkl63d5soeb1rb,p3cquxk3t09k7lq,2024-07-07 23:57:27
s5jg0m0r7iw7z9s,j5e9u1nl6xicc9jf,i9q2xqn9t93z6yn,2024-08-14 01:06:54
g01qqs7m28d8h4v,h3ckz8fo7xmrt9t0,w0eojqv4x41i0le,2023-12-07 16:47:50
z1lf3s5s6vt0rgt,c1awm3ae2ie0y9jc,n7lxj8t6136l4dj,2024-06-30 16:40:15
v09kph5b0rh6c5d,n0v1y3um62ndm6kw,g7fzdrc0u00d7mn,2024-03-31 00:39:38
k74oqp5b8qv7z6n,u9q5i7cl67ibc1ln,j7x8jfk0894a3z9,2024-09-09 23:51:19
z0rxqi8y8bb6noj,p3pry0st1xnuf3e0,f1cxvgo9158b2ed,2024-01-10 15:57:06
w2livt1c91s0odc,c6mdg2hq2dj0e0v9,b8mzkfb8w55n4ul,2023-11-22 10:18:51
l9cspn2u2bc6eiy,k8ulp8wf2xqbk9cy,c7hif8x7341e6jm,2023-11-16 12:13:01
p86vhn6d1dh6bps,n0v1y3um62ndm6kw,l2dwssx5y83c6f9,2024-01-04 01:40:39
u3zpxo6j9ij6dnw,k8eau8qf45ucp3l4,b8mzkfb8w55n4ul,2024-05-25 08:21:23
a4qfez2u4px5tob,w3whv3qp7ghzi9h2,w9a5syb2v25x1r5,2024-02-28 23:34:36
v7knye1h25y2lwq,n3d2b0cx0jzmr7pg,m1ijzeq6326k1aj,2023-11-24 15:54:48
m8szvv1f1zo7p1s,g6bys43s57b2n4rb,o7bbk4m2b73h6fu,2024-09-18 13:47:10
u7towm8e2ls7zxu,j7z2t7ev0zh9j7gr,y7x3v3m9x25j6n6,2024-03-04 21:59:51
g9ufka1f61s2xhc,c7mqd9aq3abpo9lx,m1ijzeq6326k1aj,2024-03-18 05:45:40
a6ycmg0a5uy6xiw,w3whv3qp7ghzi9h2,p3cquxk3t09k7lq,2024-04-23 20:45:36
k6cqcn7y3eu8cud,q0c9n6ax8jlyl1nx,t9juots7327h2no,2024-08-16 18:35:50
g04lnd6t9hx8jhz,u6rlh3nj6vgak9vo,k8wkzhl1k72n3w6,2023-12-13 14:56:11
g5ovay2o1pl9pef,g3vfu1ct07d2h8sc,u7c3euz7o25m1hg,2024-09-10 16:50:15
l95xfh4t6fq5rdv,t5l1v35a6xkaj1ns,c9ccycv5227a3wk,2024-03-29 12:01:24
h9ia2z6m61r3lzm,w3l3c7jy7ewyc5s6,m1ljozh1p50v7fc,2024-05-30 10:14:26
f33gpm4s9us7akx,k8ulp8wf2xqbk9cy,m1ljozh1p50v7fc,2024-09-02 01:27:55
y3lw1c8h4bz0m2r,f5ofm0ww41uay4tn,w9a5syb2v25x1r5,2023-12-31 10:34:04
m39aws6m3zv5ifw,k5z7q9wa54s8f7qj,v4nec2d7e08z7fx,2024-05-23 19:14:34
h9qtos0m1hq4qym,d7b8s0xa8fxfj4tg,a2efkzl4821y9hl,2023-12-24 06:59:33
h4tajj6p5ff6x5t,m2e7d17x3mmmq6bz,q8tcvnr6479p8j4,2024-09-10 06:18:58
g5jwpx5y92j6z2f,i5jcy55e5uuys2rh,w9a5syb2v25x1r5,2024-02-18 21:55:28
t2bvkq0d6im6dkn,a3dwb6zx1klao9o9,d0b1cuw2792l2r7,2024-03-26 00:33:07
l9hh6h2f3vw6vvv,i1mxu9bo4wddk7w1,g7tfpyk0680c1i9,2024-09-16 19:43:41
x3xf7w3r0zu2fvn,a8vuy5ed8qdxr2bm,i9q2xqn9t93z6yn,2024-09-19 20:10:36
r5jsey4l2pc8rfm,n0v1y3um62ndm6kw,o6rwpxh0m79m1ca,2024-08-28 21:33:41
g8mswl1c1lq7b3n,d7b8s0xa8fxfj4tg,m1ljozh1p50v7fc,2024-03-27 22:56:24
y96nxd1a6bv5vjb,h3u8a5uf0itrs8j0,j8t0ofv7f38q1h1,2024-07-15 08:02:22
e0xi7s6d1ms0i7t,p3gox3pa7mkgc8di,o7yfsmn9b22k1e2,2024-03-08 18:43:49
p2xnov2r8fn2ngo,i4lni9dq74q1l5hf,c2g4tew7l99x8gj,2024-07-31 22:34:58
d0yc9o5u80v6p0k,u1elf63o1xgls7q5,s7q8voz7936n6br,2023-11-09 03:54:50
h3ebxr8q2nm1gbw,p2eif13j0trsu9bv,i5c4xqu4c09y2aj,2024-07-23 09:12:31
i0yxjd9a3sy3nxx,e9v5e3uj0qruc8qr,h7vepvm0w34c6wf,2024-05-17 06:35:57
y1qeks6u05h9ghy,g5h7z8hx9iuon8xd,y5b4myg7468p1wg,2024-05-06 12:55:00
y36vsa9r9cz3fwh,m0ywt9bp2piqq7vh,c0nvdvv0907x3hj,2023-12-22 14:02:09
d2mlhf5e3ps6las,y5o5t7eq2cv9x3it,r3r0twx7r45v0d2,2024-02-07 05:52:03
l4yf6j7a96r4rhl,z3mwp9oe2ip8q3kz,p0y7rwt1p51t1xt,2024-09-24 21:55:09
q3wnyj2e14i8myv,x1els4ff01ywk7fe,p0tldrs3440d9ko,2024-04-13 05:03:51
b18bgo2l7hj7sdq,j4i4f39g4qhxw5ce,p8tcakj4s45g7ob,2024-07-26 13:25:09
f94xhq3s1jf4ffo,i2d1a29f52x9f6ko,k2bydqz4w47s0b2,2024-06-29 20:45:11
e5priq7i06m1fiq,c1lcm25b9xnyq0zr,w9a5syb2v25x1r5,2024-04-01 15:22:56
d9ttjm3b14j7myv,a0iwt29d9lg9a2g9,e8pfw6n7a05b3iz,2024-01-27 06:25:16
s0leun5q9ca1mxc,e2svw0sd1metr0yt,y7x3v3m9x25j6n6,2024-04-20 19:16:41
c89n9b8f3qq7v9i,j6lev9fa02aha5ze,g7tfpyk0680c1i9,2024-05-14 20:25:44
w8cp5n2p56w3rfr,w0tjs0ux6zvhr6f4,v7vkaxi8163g8jm,2024-03-13 15:17:29
r0aqga5y54d0fbn,s7lmg4kl3qgfq4sq,h9m2c3b2528t0zn,2024-03-09 06:56:08
m6agwe1b83q7vma,r9lpy1em1ro0t5ko,i9q2xqn9t93z6yn,2024-10-23 07:16:08
g9ljqk3w7mo1gfk,i2jfp5hc8ubni7r9,i5c4xqu4c09y2aj,2024-03-21 00:25:30
s58ogw8a31w4ihj,e2svw0sd1metr0yt,c7hif8x7341e6jm,2024-05-23 01:44:18
w6psoo1u9zy1w1h,c7mqd9aq3abpo9lx,k8wkzhl1k72n3w6,2024-09-18 10:43:06
n5tazf0f48o8z7s,j7z2t7ev0zh9j7gr,p3cquxk3t09k7lq,2024-04-04 20:31:04
v7iybz9o5qx6q5r,c9moh2xc8em4g4o1,t9juots7327h2no,2024-04-12 17:12:25
w7uszn1e70j4ihb,u1elf63o1xgls7q5,t7urxif3i49r6y2,2024-04-17 05:51:00
r4ck4d7g06e9k6q,v4nrp2ii22rla3t6,k8wkzhl1k72n3w6,2024-09-05 20:22:22
e11das3g8ou6qwm,i9n1a4bp4qv5k5ek,y5b4myg7468p1wg,2024-10-06 05:50:17
y22niu4v1ud2bup,p6eyd1jw34rtj2j4,r3r0twx7r45v0d2,2024-08-18 22:55:56
l62nnj2b3es3j8q,r4rce25g1kcnl2cy,p1dmnyn9261a7dv,2024-04-13 00:44:27
j7emui2r1zq5een,g1uba03r3cfhq4s1,v4nec2d7e08z7fx,2023-11-11 03:51:02
a5fmee9p7vk2p9a,w5tlw79t3nhzv2ai,j6l9zis0a44y3au,2024-02-19 17:55:11
r27e2u8s4id6wiq,i9n1a4bp4qv5k5ek,y2gyqsg7o09o8bl,2023-11-08 16:37:58
o86dce7p7cb6w8c,v6u8m19s3nhqw7uu,y8zcuub2572p4ai,2024-02-28 17:34:08
p69uad2h95x4i1v,t2o6y3gb1mwob8mt,r8rtddf0b11u8sg,2023-12-20 03:04:49
g6hg7r1h0gv3fpx,i2jfp5hc8ubni7r9,n6vhrwq0n32i3fn,2023-12-12 17:14:44
k7qg0y1h52g9zzm,j5e9u1nl6xicc9jf,v7vkaxi8163g8jm,2024-06-08 00:26:16
p36tde7t7gw4qlg,x3vzs7vt85p9s4ml,w0eojqv4x41i0le,2024-09-18 17:49:21
v7pw1c7z15b0oij,e2svw0sd1metr0yt,p1dmnyn9261a7dv,2024-02-25 12:26:55
x2ydlu1d5fn6d7j,g8one2bu3kskw9g6,h7hao7s7298i6w3,2024-06-05 03:28:16
u89xhd3r2oa9dhy,w3zfb03c2grzr8wg,k8wkzhl1k72n3w6,2024-05-23 10:35:26
z0dc1d8b8oc3hgs,s4x2u4mo75qmv6pv,k8wkzhl1k72n3w6,2023-11-27 17:23:08
u8mt0g8q9tr1olp,a2ncu1gh2nitd4ef,t9juots7327h2no,2023-12-19 06:43:12
p2kwmu3k8ng1j4r,i2jfp5hc8ubni7r9,a1eyr2z8l96i3vz,2023-11-02 11:09:49
p3maxg5v4ph9uig,z1jeq60y32sfe3ok,c7hif8x7341e6jm,2024-02-06 23:01:36
b8fuug2b2gv7ses,o2axs62i3cham6lu,g7tfpyk0680c1i9,2024-01-18 17:59:43
s1ynww5w1ep3kvl,h5iup7dd2qzkr0df,u8sycnb3952j7i1,2024-07-26 00:16:12
l2kero6y6qa3lhw,e0pzn3yo5yubi9c4,p0y7rwt1p51t1xt,2023-10-31 14:38:36
t83rrr8l7ye9fyk,i4lni9dq74q1l5hf,m1ljozh1p50v7fc,2024-05-31 05:05:45
l3ssdu5r1bt9wdg,k5z7q9wa54s8f7qj,z1lgb2q0414n9hi,2024-07-15 10:32:29
v5jd4g6c32z5jzz,k1lgx9hv4dnve9e7,i9q2xqn9t93z6yn,2024-07-28 21:06:56
m2qz3b6m9xy9hcx,j4gii7yo81l7x1gv,p1dmnyn9261a7dv,2024-04-05 21:49:34
l3ivax6x9ob4ltg,h4xwx6qy1svfb2cm,q8tmftx9027k0li,2024-01-01 03:28:47
n88llo4n6xp9gqn,r9fqw92c02a6y3v0,m1soxvn2985x3d0,2024-01-12 16:52:33
l4ofau8i2ez6f1t,n6jda00a7gmeu4f2,h7vepvm0w34c6wf,2024-01-29 00:35:57
t6pekb5m59w7dcm,o1onu29h84msj1rf,u5e5f1o9429o0x5,2024-02-25 20:07:56
g8sc1h1y2es3mzr,z1jeq60y32sfe3ok,t5okzgd2777f6wd,2024-07-28 11:36:13
s99e5f6d1ko1lru,y5o5t7eq2cv9x3it,f2lfz2j1s98f4nw,2023-12-25 15:05:02
l4mt7e6l0uu1k7c,e1f8z8sm5uw8x8as,a9ssfqa2e55z3an,2024-09-16 14:16:30
x0tyif8j7mu4prj,p3gox3pa7mkgc8di,o7bbk4m2b73h6fu,2024-05-13 13:33:52
e2fppj0s57z3byi,e9jzh2qn17v8r0rj,f2lfz2j1s98f4nw,2024-02-10 11:44:23
z9nymf0r0bs1eaq,g8one2bu3kskw9g6,j8klb8o0740n1x8,2024-07-03 21:13:45
c2ktsf8w5md8h0w,b1vcd7fi8asjz2tj,a8i6wgh9o68r1cm,2024-10-20 20:42:09
d4nwlj5k4jy8iab,h3ckz8fo7xmrt9t0,f2lfz2j1s98f4nw,2024-05-29 06:46:41
z96l5z6b9ev5ucm,s7lmg4kl3qgfq4sq,m1soxvn2985x3d0,2023-12-31 18:13:01
z74p5z5e1kd5x2p,d3d7w9af9kzgy3oi,n7lxj8t6136l4dj,2024-10-24 18:58:59
n8whnd4g38f3h7z,d7b8s0xa8fxfj4tg,m1ljozh1p50v7fc,2023-11-08 21:30:04
q66zoh5q3ad0fml,a8vuy5ed8qdxr2bm,u8sycnb3952j7i1,2024-07-06 23:55:39
m8avxs8t3nc3gkc,n8bqv7uj1azwy8tf,u7c3euz7o25m1hg,2024-05-10 01:05:28
w97fhw3b3xg2yms,r4v9b4kf5mjqu0sl,v4nec2d7e08z7fx,2024-05-14 09:55:54
m6ovog7c8qn3l4y,g9gma6na9envj0b6,h8bms4v1533w6hv,2024-06-16 11:23:28
g4zfsh6w0mf8xvp,m4v3d12t59x6g0ds,e6sbqkb7031b1x9,2024-06-26 22:25:05
t2ub7y1n9ci9y5c,p4nod4br2tjnn5yq,o8gekta1y94v0xq,2024-08-12 14:31:50
g2qmlg4n4yc6dcm,v4nrp2ii22rla3t6,a2efkzl4821y9hl,2024-08-03 15:15:28
p26wby2r4bq8n8x,y5o5t7eq2cv9x3it,w0eojqv4x41i0le,2024-05-07 22:28:00
y8fafz3t92d9vcv,r5utt15y3yhwo4av,b6grilw9c84x3bp,2024-02-09 17:10:39
i25uuw1j5pa5vwk,o1onu29h84msj1rf,h7yiweg3715a8hl,2024-01-06 01:05:35
u59mit5s8cx2zrl,d4vcv6wg08myf0vg,a7punyv7e24r6is,2024-05-13 04:48:09
f6fdiv9m4km9brn,p2eif13j0trsu9bv,f2lfz2j1s98f4nw,2024-07-29 05:53:01
n88b1g0g9is4f0h,j4i4f39g4qhxw5ce,p3cquxk3t09k7lq,2024-06-12 18:59:41
t1hfyh7m7sa9ftf,n3osb7kx9kb2e0en,m1ljozh1p50v7fc,2024-06-20 15:54:32
j1lrlw1w10x8lze,u6rlh3nj6vgak9vo,i2dtbqz2g51r6c3,2024-05-17 12:12:59
m5ppvn6o4kq0ima,n3osb7kx9kb2e0en,l2dwssx5y83c6f9,2024-04-19 02:43:40
o1dcka6c2xn4uxw,u1b0q4ww6tfcu2dc,p8ydw9r8x88e7gx,2023-11-06 17:38:16
q5dhve6g3mq9xkz,d6shg4yl6bd5a7fm,z1lgb2q0414n9hi,2024-03-14 08:30:42
b6ye9y2y0tq8m3i,r0p5o9dl8lc4j4ar,a9ssfqa2e55z3an,2024-02-04 02:44:06
b0dyxl9e21d6ran,p3pry0st1xnuf3e0,p8ydw9r8x88e7gx,2024-03-19 10:48:56
l7hv9y6m06n7wrh,x4w1d1ru3wzax7vj,g7fzdrc0u00d7mn,2024-02-02 15:26:19
j2bc4x3t8bl2fhq,q7d6g2pz0nnqh6gn,v4nec2d7e08z7fx,2024-07-03 20:02:46
o9wjhc6w7bi8wwm,a9g8y1rn8wbnm9mh,u7ikr6a4w28a9mj,2024-06-29 18:43:46
a9dfwr6h6ox0sae,f1hlp75b1igpe5se,e6sbqkb7031b1x9,2024-09-25 08:08:02
g3kx6w6p0om6zmz,p2eif13j0trsu9bv,i2dtbqz2g51r6c3,2024-06-24 15:21:30
z1rszf4c7af5och,p6eyd1jw34rtj2j4,c0nvdvv0907x3hj,2024-01-20 19:01:26
l4yf2x3j44n3zzq,w0mdo5yf22bxu7wn,q8tmftx9027k0li,2024-02-05 16:36:05
v4uhch0x06x0d0m,d4vcv6wg08myf0vg,c8oevjx5k63m4n9,2024-08-26 14:43:08
w2to5f4d58w5tvd,x0jqy6yp9lvph6j2,a7punyv7e24r6is,2024-09-17 05:30:53
h4hqyx2p1qq8a0d,c1awm3ae2ie0y9jc,j8klb8o0740n1x8,2024-02-18 11:18:28
t2swyh3h9ic4fkx,x1wvi3ui6wklk1u5,k3i8cap4r90y6t0,2024-06-20 00:04:33
z9rhxl1y5cd4u2g,o2axs62i3cham6lu,y2gyqsg7o09o8bl,2024-09-04 06:18:54
u0ulcx9n1gv0mgf,i0qdl7an7bfyq9so,y1cvf1f4w60x1e3,2024-04-13 04:47:31
b3werc6k1sl0nca,r4rce25g1kcnl2cy,f1cxvgo9158b2ed,2024-06-02 16:27:20
k0krgd4u31r9b7m,w9n4x1le0kequ8o0,z1lgb2q0414n9hi,2024-06-02 17:38:29
q61s5i9l42g1ren,y1cin6ls6ljtn2rx,m1ijzeq6326k1aj,2024-04-18 07:38:46
i5be2m9b8ts5l0g,e3q9l43e9qihr3de,d3srwhj8z75j8o3,2024-05-29 15:46:55
h9ik9p6h6an2iue,w3l3c7jy7ewyc5s6,c7hif8x7341e6jm,2024-10-12 14:43:42
o86bot1s66h9vhr,x2z9s0hv6jt4e1x6,u1h6h7j7b54g2f4,2024-05-31 18:16:13
m02xiq1o1ug5ndz,e9jzh2qn17v8r0rj,b8mzkfb8w55n4ul,2024-10-24 00:28:52
h23x6d8t5ni4usp,g9gma6na9envj0b6,d3srwhj8z75j8o3,2024-07-28 20:07:26
m9odxa2i24s3uxy,u5gex7gi4myul7uc,b9f8s2d6j93l6qp,2024-01-04 23:38:42
d51dvs9u39y2yeo,j0kue9vx2vpnd3vy,a7punyv7e24r6is,2024-09-19 02:33:03
i3zwcm7a4fk8kzb,w0mdo5yf22bxu7wn,w9a5syb2v25x1r5,2024-01-12 19:22:07
u4oxah4p3bs3zmt,c9moh2xc8em4g4o1,t9juots7327h2no,2024-08-26 15:09:47
v41l1s6k48p0v9l,x3bec93n8zgxs1ft,w6xijqs3p86q0ea,2024-05-28 12:57:10
l4fs9s7c8fx2pkz,f4fap8zg5mhwr8zo,o7bbk4m2b73h6fu,2023-12-04 13:25:51
e7huvn3e5qz6kqo,q0c9n6ax8jlyl1nx,k8wkzhl1k72n3w6,2024-08-13 07:37:40
i0mtqh5t4di2prb,p8b8e8vy1hcde2m8,p1dmnyn9261a7dv,2024-05-26 10:50:59
j2ccbq2y5ht4j0x,h4xwx6qy1svfb2cm,j8klb8o0740n1x8,2024-02-06 07:13:39
f3pvuh4d07n7gmy,x0jqy6yp9lvph6j2,s7q8voz7936n6br,2024-04-13 08:14:37
r3pgna7r82d8hly,i5jcy55e5uuys2rh,h8bms4v1533w6hv,2024-10-06 23:52:40
e5js9p4m4hd0msc,l4c2y6yu5wwxf9ba,h8bms4v1533w6hv,2024-02-01 00:28:38
t7qukm3o4mx0wiv,k8sym0hu1xjah0t9,g7tfpyk0680c1i9,2024-07-23 02:51:52
i37u6j7s4nv1rdu,h4xwx6qy1svfb2cm,b8mzkfb8w55n4ul,2024-05-21 14:20:23
m5dlsr0a0ih9a5n,r0p5o9dl8lc4j4ar,k2bydqz4w47s0b2,2023-12-27 22:54:58
o9urhf6b57a5d0j,p4nod4br2tjnn5yq,w6mtfmz2t14l2dg,2024-08-29 18:47:24
t6mo3q6t39r7kek,p5taz6nb6rf4u0r8,s7q8voz7936n6br,2023-12-13 08:12:39
o59fdm2e9ok0p7t,o2axs62i3cham6lu,u7c3euz7o25m1hg,2024-05-24 10:02:02
z69l8q3m8lu3yrs,a0iwt29d9lg9a2g9,a2efkzl4821y9hl,2024-06-04 16:36:51
l0us8i4d1nl8cox,m2hog28b0lr3f3ws,u8sycnb3952j7i1,2024-06-23 13:01:59
f4zo9e8v2jf2byw,a2ncu1gh2nitd4ef,w6mtfmz2t14l2dg,2023-10-30 22:51:33
y3ofor7w4bv8yeo,m0nha4js70gen5wd,b9f8s2d6j93l6qp,2023-12-31 04:51:41
v30rpf0o1ci9c4y,z3mwp9oe2ip8q3kz,a8i6wgh9o68r1cm,2024-03-26 09:24:39
w4iedu0f9on6i5o,h4z6a4pz1bjfr9bl,j6l9zis0a44y3au,2023-12-31 02:24:15
b1kktq1h4fa3bby,a6k8l1oi5th1q5d0,c0nvdvv0907x3hj,2024-02-10 13:02:36
i9hdvh3d1nk5u8r,e2pmg45s2kjsv7o1,p0ixc0d1d19c5ji,2024-07-31 13:53:08
i2tzhr5p1wc8lff,k7yiw2hx15dpe5hm,u8sycnb3952j7i1,2023-12-31 22:57:10
w0koeh7n4aa8r1h,m8lvy8zx4kjvc2q3,e6sbqkb7031b1x9,2023-11-15 17:47:29
y6qceu7y3xs8pjl,i1mxu9bo4wddk7w1,m1soxvn2985x3d0,2024-09-23 14:29:47
v01q8p5d5as1r7x,p4nod4br2tjnn5yq,h7yiweg3715a8hl,2024-08-01 23:22:30
w61neu3v6rf4sat,d6shg4yl6bd5a7fm,i9q2xqn9t93z6yn,2024-08-09 21:28:30
g7qloc4r19r6pzn,m0vni5iv2vytq0xc,m1ijzeq6326k1aj,2023-12-29 03:56:44
f27kls9u3xy7w4g,u4d1k42l6ej6e2ei,a9ssfqa2e55z3an,2024-05-16 20:52:35
a0kild4p09y4y7k,g3vfu1ct07d2h8sc,v4nec2d7e08z7fx,2024-02-13 07:08:32
j1ludv6r5se8mkx,x2udt9te4uohx5b5,n7lxj8t6136l4dj,2024-07-29 07:58:16
h6jbws0c4ai4smp,r4rce25g1kcnl2cy,w0eojqv4x41i0le,2024-02-01 10:38:22
q99y6k5v1mh2xcy,u1b0q4ww6tfcu2dc,c0nvdvv0907x3hj,2024-09-11 02:07:52
x5pknl8o0oj2kas,s4pfo1ju74rlj3t2,o7bbk4m2b73h6fu,2024-06-09 22:17:13
q5rj6i7a0jc3u3t,z3mwp9oe2ip8q3kz,c7hif8x7341e6jm,2024-04-03 08:45:28
d6jwwv3q4ys1xlw,l3utf7jv0fw9h2j1,h8bms4v1533w6hv,2023-11-19 21:49:02
n7ve5j8b9pk2udc,n9w7q21z1qb2q2no,u7ikr6a4w28a9mj,2024-05-20 08:18:39
m4ehok0p7hg2p2s,a2ncu1gh2nitd4ef,g6l2b1m7l89x3au,2024-10-08 10:19:14
s4lnzu0i12l2gss,e9jzh2qn17v8r0rj,m1ijzeq6326k1aj,2024-01-01 13:53:51
s8lw2g1u9rv7jvx,h4z6a4pz1bjfr9bl,h7yiweg3715a8hl,2024-02-22 16:49:35
y6dh5n1f2ub8i1l,e0mlj4hg11vvt4ke,x8eojga6l38o0bx,2024-08-17 01:09:25
g8pq7a0g78n0t8w,x2z9s0hv6jt4e1x6,u9tubuk3t87l4sk,2023-12-23 03:26:46
t9fa3y9r03k3zqb,s4pfo1ju74rlj3t2,o8gekta1y94v0xq,2023-11-06 12:56:56
q72dkl5z9gf9nid,r4v9b4kf5mjqu0sl,u8sycnb3952j7i1,2024-06-15 23:06:50
o3qm6p2e10j6oyx,x3c1m18j9weof4m7,o6rwpxh0m79m1ca,2024-01-10 16:44:25
v16kkf1q7nj9q2d,g6bys43s57b2n4rb,n8arm9n2a46x1s6,2024-10-16 16:35:45
g4gfux1e95q6fri,a3hrr5iq5iuug0c1,u7c3euz7o25m1hg,2023-11-05 20:53:20
g7aahp5y81w7bnx,f5ofm0ww41uay4tn,z0b2zxe8i74w0kk,2024-04-17 04:21:30
o63z1j1e7mr5s8i,c3ers3fk11jwd9d3,y3ncuzi4n38o0yp,2024-05-07 22:18:17
u2ttni9f11d2p3b,b1vcd7fi8asjz2tj,n7lxj8t6136l4dj,2024-03-19 02:40:41
n3bkyr3e3ju3k0o,y6mlw3il4xo1r8un,x1scv7f7432n0xw,2024-04-10 20:44:45
z9wdiv0x1vr5l9l,j6lev9fa02aha5ze,y7x3v3m9x25j6n6,2024-01-28 22:08:49
g0hq3e7j4ed5o4y,z1jeq60y32sfe3ok,t5okzgd2777f6wd,2024-09-04 22:17:03
h5db4m0l5of9yzt,n3d2b0cx0jzmr7pg,g7tfpyk0680c1i9,2024-04-08 20:00:53
k4zmzt2z9id7zkq,g8one2bu3kskw9g6,p0tldrs3440d9ko,2024-05-20 18:09:32
a5qgfp6a6tz9wpd,u8lbs7hp68yra7ad,v4nec2d7e08z7fx,2024-01-05 13:41:49
v00yjk6r05y2gmm,g1uba03r3cfhq4s1,u7c3euz7o25m1hg,2024-02-29 13:53:55
w1wn5o2u6ru1nim,e3lvg2al02lfu5xe,a7punyv7e24r6is,2024-04-22 15:05:09
r4tnlt8z51b8g6z,v4nrp2ii22rla3t6,e8pfw6n7a05b3iz,2024-04-16 16:09:59
g4xndf2c89a9wyw,g1uba03r3cfhq4s1,u7c3euz7o25m1hg,2024-01-08 22:03:44
s1ss3k1t6ni5opx,d7b8s0xa8fxfj4tg,g8tge2l8w76y1m6,2024-02-24 17:02:20
j9yjzp0g6gx3ctl,a3dwb6zx1klao9o9,c2g4tew7l99x8gj,2024-07-07 23:40:42
e3kmmj7p0hi6hqi,p4nod4br2tjnn5yq,a1eyr2z8l96i3vz,2024-08-18 04:13:49
w1qd3r7g8jn6g9k,s5nlz0yp4ishd3qa,h9m2c3b2528t0zn,2024-02-18 18:33:11
o6flgs3d6hb4mwj,p4nod4br2tjnn5yq,n7lxj8t6136l4dj,2024-07-04 03:39:52
c9ib5h1z9om5vzj,c9moh2xc8em4g4o1,c2g4tew7l99x8gj,2024-09-10 17:05:11
n0zboa8g51r4vey,t4i4s03g9aq8q4k5,h7yiweg3715a8hl,2024-03-08 23:16:53
a08i7h7z0bs7wcw,y8fet2zs5ba1g5xz,g7fzdrc0u00d7mn,2024-01-21 16:38:06
w7jzdb3o0zo0d1a,v6wpr4gy3hxlr0hy,p0tldrs3440d9ko,2024-01-03 11:59:29
v75yof1g8dw6rnq,m0nha4js70gen5wd,d9mgnfq9133o4ez,2024-09-06 01:41:35
p94tki4q3fu1u4l,x1els4ff01ywk7fe,g6l2b1m7l89x3au,2024-08-13 13:35:49
l0po2r7z7bt8fuv,a2ncu1gh2nitd4ef,w6mtfmz2t14l2dg,2024-09-04 13:40:53
k85jin4h6ta5z4j,o2mbh7zd77m2z1m4,f2lfz2j1s98f4nw,2024-05-06 14:03:03
x8whoj4i29l2gln,r4v9b4kf5mjqu0sl,p0ixc0d1d19c5ji,2024-08-27 08:08:26
f5lvlt8s0bg6lwv,d8zmg9yo78fpa4o8,h8bms4v1533w6hv,2024-04-27 16:53:11
o37sun8m4nz1e5x,s5nlz0yp4ishd3qa,n8arm9n2a46x1s6,2024-06-20 14:09:47
u9yvsg1f6do8d9v,d5o6p48c0covg8cb,p0y7rwt1p51t1xt,2024-08-24 17:29:13
f6kp7s2g2jm2ddj,s5t5a66u19lay9cp,i5c4xqu4c09y2aj,2024-09-26 16:00:32
n7sukz1f0js7ygi,s5nlz0yp4ishd3qa,c7hif8x7341e6jm,2024-02-15 16:29:52
g6gxhw9b1ph3asz,u1sof9ry31imn5cm,j8klb8o0740n1x8,2024-06-28 21:47:42
y92xog1v51q4o1e,d3d7w9af9kzgy3oi,o7bbk4m2b73h6fu,2024-05-10 13:25:42
n6iylf2q4po0d2c,k7yiw2hx15dpe5hm,j8klb8o0740n1x8,2024-03-02 04:18:29
k6giuf0m0il5ijc,h4xwx6qy1svfb2cm,m1ijzeq6326k1aj,2023-12-26 16:57:30
v0jser6h9ww1j3y,o2mbh7zd77m2z1m4,c9ccycv5227a3wk,2024-09-30 00:59:31
l8myaf0d9zd6ode,s4cqd3or88cky3yf,k3i8cap4r90y6t0,2024-06-07 00:18:41
n5wadr7r3iu4chd,i4lni9dq74q1l5hf,p0tldrs3440d9ko,2024-07-28 07:46:09
t9gp2p4g1gc1h7k,o7fhr03p5balk4ph,y2gyqsg7o09o8bl,2024-10-24 04:46:26
k5ztwr2t53s8mvd,d6shg4yl6bd5a7fm,c2g4tew7l99x8gj,2023-11-18 10:56:28
r5qz2h9a9ze3app,e2svw0sd1metr0yt,u7c3euz7o25m1hg,2024-10-26 19:14:13
u1uffb0f4on3kqz,v3ykq23y0eq8j5vr,f2lfz2j1s98f4nw,2024-06-16 00:12:05
e77w6g5p3hw2d5z,g1uba03r3cfhq4s1,q8tmftx9027k0li,2023-12-26 23:39:46
k8ccnd1j9xo4wlc,x2z9s0hv6jt4e1x6,o8gekta1y94v0xq,2023-10-31 03:38:56
w23p2x5b0ow3div,s0c1f1cp9qi7q1ta,m1soxvn2985x3d0,2024-02-10 01:09:25
f4opbp6o38p8xkp,j0kue9vx2vpnd3vy,c7hif8x7341e6jm,2024-04-16 19:53:51
v82idr8e0ac0jcf,k8fso63l3wq5f9vm,l2dwssx5y83c6f9,2024-03-29 12:33:57
i55hvh0t1yi1khy,q0c9n6ax8jlyl1nx,i2dtbqz2g51r6c3,2024-05-11 13:46:24
e8owvw9o1ue2htx,p2vuj80o9cgqx5ie,e6sbqkb7031b1x9,2024-04-11 05:37:45
z89yvr7r2ye6y2c,k7yiw2hx15dpe5hm,k8vcruw2l47b0z5,2024-09-03 07:10:56
i4cdof9o7fc7hjd,a7h5m8pv0zu8j2fk,f9f0f7p0l08b3ee,2024-07-18 20:07:00
n36opy3r2jg1gud,s8dah6yc0uxqq6hy,c0nvdvv0907x3hj,2024-09-11 08:50:16
o9wffq9f7tl5r4o,f5n1a14n1uu7g9p3,y3cfxyz8071g5hm,2024-04-15 23:51:41
v68tzq3z0de8aeu,w5tlw79t3nhzv2ai,x1scv7f7432n0xw,2024-04-30 07:21:55
q0hc6o6s34t5fqk,a0iwt29d9lg9a2g9,c9ccycv5227a3wk,2023-11-01 15:27:56
p5ps9z1m8px2cch,g1gui7xg3zxxd2no,u1h6h7j7b54g2f4,2024-09-15 09:46:40
u9yifo4w28d9qzl,g1o9u90j5lrpk8mz,x8eojga6l38o0bx,2024-05-05 09:48:03
f6tf2q9i1nw7qsv,e9v5e3uj0qruc8qr,y8zcuub2572p4ai,2023-11-20 19:36:00
o9wo5j2a0mf9dmk,v5oux5vs60izm3bf,o7yfsmn9b22k1e2,2024-02-19 02:23:55
f8wgsv6d7ww5cvo,j6ilg0qg6yo0g2hn,v7vkaxi8163g8jm,2023-11-17 16:19:36
w1rbnk6s9eb4kax,k7yiw2hx15dpe5hm,g7fzdrc0u00d7mn,2024-09-25 18:12:06
u03w0k5s3lv1wwl,b6yif24t9ftcn2kt,a7punyv7e24r6is,2024-10-22 10:05:13
j2yt4f3t16d2z7h,i2jfp5hc8ubni7r9,x1scv7f7432n0xw,2024-01-06 14:32:49
m08ttm5q65k9qfa,f1hlp75b1igpe5se,y3cfxyz8071g5hm,2023-11-18 14:22:23
h2ldju1h06f3jdf,e7o1u13x53jls5kv,t9juots7327h2no,2024-06-09 15:20:49
a8zhxo2v4bk0uxc,a2ncu1gh2nitd4ef,a1eyr2z8l96i3vz,2024-03-11 11:49:13
z1jg8a0h9gl1dja,m0ywt9bp2piqq7vh,y1cvf1f4w60x1e3,2024-06-16 13:19:08
z81lju8h9eh7hsm,c1lcm25b9xnyq0zr,u8sycnb3952j7i1,2024-07-15 06:25:26
o0jkvc5j5xf4slu,t4i4s03g9aq8q4k5,b6grilw9c84x3bp,2024-01-18 19:46:51
c2wuss9o59k4kjt,o3tcs72e3zcrh8bc,h7vepvm0w34c6wf,2023-12-07 04:44:12
p9gr7l1j7fr2hwh,n6jda00a7gmeu4f2,h2flaez8e87u8ts,2024-09-30 06:05:17
a34los1a2hz3lia,t5l1v35a6xkaj1ns,k8wkzhl1k72n3w6,2024-06-03 22:56:47
f3drbk3r9fk8snb,w3zfb03c2grzr8wg,h7vepvm0w34c6wf,2024-09-03 08:35:37
s81i1f1d8ko9vvu,t8rve9he80btz0kf,o8gekta1y94v0xq,2024-06-28 15:52:39
n42ubg2u0uh5b1l,t0k7o01c16ukq5ii,y8zcuub2572p4ai,2024-06-04 06:38:08
m8htwe9f9kf8m5p,u0hod1cu40ehu8ki,j8t0ofv7f38q1h1,2024-03-03 04:47:33
f9nyvk5f9yz8xbn,s8dah6yc0uxqq6hy,r8rtddf0b11u8sg,2023-11-01 23:48:42
j05oci6m6qh1dgq,h4z6a4pz1bjfr9bl,j6l9zis0a44y3au,2024-07-09 00:47:55
g7ig9v0v8ya2qvb,o1k3x4fl2utxv5hk,j8t0ofv7f38q1h1,2024-02-03 04:07:28
x42wgz7n2mh8zao,f5ofm0ww41uay4tn,y3ncuzi4n38o0yp,2024-04-30 22:42:46
y7diql8n60u8nki,r0p5o9dl8lc4j4ar,b8mzkfb8w55n4ul,2024-02-29 19:45:00
b4fndi8v82i0ldr,s2rhj37c8hv8t9jt,y8zcuub2572p4ai,2024-06-22 08:31:29
a78bbv1e52u9ujm,t9sxa7aj16yxu5mk,c9ccycv5227a3wk,2024-09-19 07:11:30
g1mnkd7y7uq7d6c,k8sym0hu1xjah0t9,c8oevjx5k63m4n9,2024-08-20 19:17:57
e3xazb3e1qk8vdr,e0mlj4hg11vvt4ke,u5e5f1o9429o0x5,2023-12-28 16:08:04
u9ld6n7c95u0r3c,p1vrs9zs0nqbg8sk,c0nvdvv0907x3hj,2023-12-06 17:04:46
p8risl1d1uf0sjj,r5utt15y3yhwo4av,c0nvdvv0907x3hj,2024-01-07 23:46:57
e6nzhw9u8so8geg,x2z9s0hv6jt4e1x6,y1cvf1f4w60x1e3,2024-04-19 23:09:21
f86yny6p52b0c9a,p3pry0st1xnuf3e0,a2efkzl4821y9hl,2024-01-28 04:09:37
y7dh5q2a0jy2d1k,x0npe99e3dj9a5es,g6l2b1m7l89x3au,2024-02-05 21:49:26
a9pf6m5r0hx2aqt,a2ncu1gh2nitd4ef,u1h6h7j7b54g2f4,2024-07-04 17:27:33
z3iclf5s6nf6cpy,e0pzn3yo5yubi9c4,k8vcruw2l47b0z5,2024-07-18 17:20:02
v1jyvs3s71t2fmy,a3dwb6zx1klao9o9,p0ixc0d1d19c5ji,2023-11-08 09:22:15
l5syiz2w1lr6hdu,e2pmg45s2kjsv7o1,h9m2c3b2528t0zn,2024-07-16 06:53:46
z04xzw3v1cl2nno,x0jqy6yp9lvph6j2,k8wkzhl1k72n3w6,2024-02-05 05:15:42
m51r6c2s80d5dfn,i5jcy55e5uuys2rh,h8bms4v1533w6hv,2024-04-24 07:53:26
m5oytb2b7xk7vgr,k8eau8qf45ucp3l4,h7vepvm0w34c6wf,2024-10-09 16:14:50
v6aq1w5y92u4s7x,h9fwn2yb9wkuj1j7,z1lgb2q0414n9hi,2024-04-29 05:18:52
z2ylut2n5sd4fhr,u8lbs7hp68yra7ad,t5okzgd2777f6wd,2024-09-29 12:40:07
d1ktuo1n1fp3pdj,g1tza25c22gpz6b5,i5c4xqu4c09y2aj,2024-04-15 13:06:39
s38lii1r7ir7o2i,d8zmg9yo78fpa4o8,o7yfsmn9b22k1e2,2024-03-31 07:43:58
s4tlpi3a6bn7kja,m2ryi2wq0sa5y6ew,v4nec2d7e08z7fx,2024-04-04 19:59:23
g4ky6r6y6kx1jqp,n0v1y3um62ndm6kw,a1eyr2z8l96i3vz,2024-07-02 21:19:54
b1hkqs4z0cu9vbk,h5iup7dd2qzkr0df,a1eyr2z8l96i3vz,2024-04-18 18:20:48
w4sbyv7y0sz1kjm,k7yiw2hx15dpe5hm,x8eojga6l38o0bx,2024-08-09 10:52:02
w2laou6x98a0fna,z2i1n0hu96sld6io,c9ccycv5227a3wk,2024-09-18 16:39:08
t6gpux8f80e6j0z,e7o1u13x53jls5kv,g7tfpyk0680c1i9,2024-07-28 11:53:13
t9bzdn5v0wd6h0x,s2rhj37c8hv8t9jt,t5okzgd2777f6wd,2024-09-19 19:25:58
z2wtqb1p9ng2e7k,v6u8m19s3nhqw7uu,n4l6gss6o60a7xy,2023-11-03 18:58:18
k7jxwt1z0eh9fzn,i0qdl7an7bfyq9so,y2gyqsg7o09o8bl,2024-06-02 20:20:44
n44bba6n9xc8xdc,s5nlz0yp4ishd3qa,g6l2b1m7l89x3au,2024-07-20 03:11:50
g0ilcm5j32a7w9n,p4hla26u0et2j4vz,u7ikr6a4w28a9mj,2024-10-21 07:18:20
o42z9y1v3cp6hqi,d5o6p48c0covg8cb,w0eojqv4x41i0le,2024-09-22 09:04:23
t34l3v7q09k8d8j,h4xwx6qy1svfb2cm,r3r0twx7r45v0d2,2023-11-07 19:43:20
x80vzp9y7wk9taf,t5l1v35a6xkaj1ns,o7bbk4m2b73h6fu,2024-10-18 01:17:17
k7qh8m6k9dc8o7o,v4q2w5ak2rujw8y9,g6l2b1m7l89x3au,2023-12-17 18:48:27
x2xrnz0y8jt3tqh,o3nox2jr3rs0m0oh,y7x3v3m9x25j6n6,2024-07-21 00:52:59
c9gyrc1r39r0twg,o2mbh7zd77m2z1m4,f2lfz2j1s98f4nw,2024-09-28 00:29:48
j0wurt4g4yo9mfm,e0pzn3yo5yubi9c4,d0b1cuw2792l2r7,2024-05-05 04:30:07
q4dkap5o0gs9vzj,t0k7o01c16ukq5ii,m1ljozh1p50v7fc,2024-01-22 04:05:28
e8gtmq5w82x4nwr,b6yif24t9ftcn2kt,p3cquxk3t09k7lq,2024-01-09 03:16:57
h6gg4l3g2qd2sya,a3dwb6zx1klao9o9,u1h6h7j7b54g2f4,2023-12-18 00:41:18
s1ixqh2p0lf6a9v,m2e7d17x3mmmq6bz,y8zcuub2572p4ai,2024-08-21 17:19:11
h8nnbd8i62j1bbu,t2o6y3gb1mwob8mt,e8pfw6n7a05b3iz,2024-10-04 13:41:38
q7gn8r5n3mw0swn,a8vuy5ed8qdxr2bm,b8mzkfb8w55n4ul,2023-12-08 22:04:54
t9bqlv4d8sh5bat,p8b8e8vy1hcde2m8,k2bydqz4w47s0b2,2024-08-22 11:22:02
p62i9a3c6vv4b4m,j5k2r6va3qqfs6o9,g6l2b1m7l89x3au,2024-02-11 00:34:35
u0fvly9h58s7u5e,a7h5m8pv0zu8j2fk,w0eojqv4x41i0le,2024-07-26 02:21:12
p6zbgd5g5kj5ygt,a1xyb2xt60lnd2s8,h5wexkc4l94k3rr,2024-09-26 14:53:38
z26trp5w2fx4zfk,y5o5t7eq2cv9x3it,a1eyr2z8l96i3vz,2023-12-01 06:42:06
n86xvr5h5ag0qzq,k2ygo7ba2fvgs7ev,h7hao7s7298i6w3,2024-08-06 08:31:10
o16zpt5t4uf6vqr,z8hrp2lo9dr3r8jd,o8gekta1y94v0xq,2024-07-19 23:13:21
k5zlvt7b5xr5mes,s0c1f1cp9qi7q1ta,a3hezlz3v63x1ox,2023-12-25 07:01:49
r0tt6d1v9rk2g8e,w3zfb03c2grzr8wg,w6xijqs3p86q0ea,2024-10-13 22:40:31
q2pt3c3j8xj7qbx,u6rlh3nj6vgak9vo,p1dmnyn9261a7dv,2023-12-05 23:34:57
b7jhtt5f8lj1fxw,d3d7w9af9kzgy3oi,w0eojqv4x41i0le,2024-02-02 14:59:33
s0mfyf8f9do2g0p,x1bvv2iu22ddv1z2,p0tldrs3440d9ko,2024-02-09 13:18:40
d2jmzw7k08n2e2k,h4z6a4pz1bjfr9bl,u9tubuk3t87l4sk,2023-12-25 16:44:34
g53d0w6h89o6huk,k2ygo7ba2fvgs7ev,t9juots7327h2no,2024-08-26 15:21:08
r7ln5d7i47t4knq,g9gma6na9envj0b6,y8zcuub2572p4ai,2024-09-17 22:03:27
v70qkb6e7fj3fjj,n9w7q21z1qb2q2no,s7q8voz7936n6br,2024-07-30 20:16:56
y9ln4m1u6ow1b2d,x2udt9te4uohx5b5,r8rtddf0b11u8sg,2024-05-04 17:51:58
x5aukr2d3uj2umd,y6mlw3il4xo1r8un,k3i8cap4r90y6t0,2024-09-04 22:35:00
y45fsg6g1ld4cfe,p3gox3pa7mkgc8di,x1scv7f7432n0xw,2023-11-06 12:47:05
g72osx3k87h3jau,n3osb7kx9kb2e0en,n6vhrwq0n32i3fn,2024-07-02 22:05:24
q26glz1a0tf3bca,g5h7z8hx9iuon8xd,b8mzkfb8w55n4ul,2024-01-29 17:58:35
e1rame5w3kg5tzc,m0vni5iv2vytq0xc,p0y7rwt1p51t1xt,2023-12-28 10:40:11
n3hufc1g1fx8n5o,g6bys43s57b2n4rb,m1soxvn2985x3d0,2024-01-29 11:49:33
c8zhgy1g51m5l8q,v6u8m19s3nhqw7uu,d0b1cuw2792l2r7,2023-12-09 13:09:27
q08lda8n1pp4twt,v3ykq23y0eq8j5vr,e8pfw6n7a05b3iz,2024-10-11 17:08:52
g7zlor8w0nz7wjg,m2hog28b0lr3f3ws,b9f8s2d6j93l6qp,2024-06-05 18:22:05
s1dkbp1a9hs4m6o,e9jzh2qn17v8r0rj,p8ydw9r8x88e7gx,2024-01-20 12:44:13
w6hhyn4n93i2vnf,v4q2w5ak2rujw8y9,a8i6wgh9o68r1cm,2024-08-16 14:40:02
l9furn9b7xg8vvi,i1mxu9bo4wddk7w1,y1cvf1f4w60x1e3,2024-09-29 05:50:36
z6sc6m7i4mg7kbk,e0mlj4hg11vvt4ke,o6rwpxh0m79m1ca,2023-12-04 00:35:11
a45pzl2s58t4w8f,m2hog28b0lr3f3ws,z1lgb2q0414n9hi,2024-02-19 23:31:46
b17s8u8t7mu1q6l,h4xwx6qy1svfb2cm,y8zcuub2572p4ai,2024-04-20 07:25:34
z3aoge5q76a8sfg,a3hrr5iq5iuug0c1,x1scv7f7432n0xw,2023-12-02 01:44:54
x4fuyh4p9ds0r9p,i0qdl7an7bfyq9so,t5okzgd2777f6wd,2024-01-20 15:53:21
n3xmgr0y69t4wnh,q7d6g2pz0nnqh6gn,z1lgb2q0414n9hi,2024-10-16 08:04:08
d6pjfw6b76d5s1n,h5iup7dd2qzkr0df,o8gekta1y94v0xq,2024-05-16 13:21:41
v4lr4k3q0fc9wdc,o3nox2jr3rs0m0oh,o7yfsmn9b22k1e2,2024-02-15 09:20:12
b6xzjk3a2sx8zij,t8rve9he80btz0kf,p3cquxk3t09k7lq,2024-10-14 22:46:00
t8rm1l5b6cw9adl,y7j1d6bz8jdwt3zx,n8arm9n2a46x1s6,2024-07-27 22:18:38
n5uzds2c2zy4hnf,g2dkt6gt7txlx4ya,b6grilw9c84x3bp,2023-11-03 01:05:13
v7jkno0h7jm6rkn,b6sti43j97oiz1gi,u7c3euz7o25m1hg,2024-08-07 06:57:36
w92fss9c9hd6i0e,f7bxg27p2llmu0d5,d3srwhj8z75j8o3,2023-12-30 10:58:13
c2twzt2z78n1q8k,s2rhj37c8hv8t9jt,p8tcakj4s45g7ob,2024-09-24 02:03:35
h0edal9i60a3nyb,s2rhj37c8hv8t9jt,u7wxn3v1j42f5no,2024-03-03 01:28:35
r3vvnv9c5wu0uwk,x1els4ff01ywk7fe,t9nardh3w27k7hk,2023-11-06 10:24:04
w3mrwa7h2ea8j9c,a7h5m8pv0zu8j2fk,j6l9zis0a44y3au,2024-04-02 19:01:31
f2jtqx9x7lq0lti,a3hrr5iq5iuug0c1,o8gekta1y94v0xq,2024-10-25 11:08:11
d8ylvq1k63z1zcp,v4nrp2ii22rla3t6,g8tge2l8w76y1m6,2024-02-26 19:53:38
b17eji5s89i4dup,g2dkt6gt7txlx4ya,v7vkaxi8163g8jm,2024-05-08 08:39:52
t1oazf5p3ez3eus,x3bec93n8zgxs1ft,p0y7rwt1p51t1xt,2024-04-29 17:12:07
w2ae1s2q8bk6n3w,a3hrr5iq5iuug0c1,a3hezlz3v63x1ox,2024-02-16 18:02:26
j6ejhe7c8yi7jfg,j6lev9fa02aha5ze,k3i8cap4r90y6t0,2023-11-12 09:20:05
r14cxp8c8qr3r6v,d6shg4yl6bd5a7fm,a9ssfqa2e55z3an,2024-10-16 21:53:21
z9jmlq2p0me0lvh,m0ywt9bp2piqq7vh,h7hao7s7298i6w3,2024-01-02 19:11:53
j8nqwb3r7ca9ueb,c3ers3fk11jwd9d3,n6vhrwq0n32i3fn,2024-04-04 08:17:02
a7zx5p9u8ip2ofu,e2pmg45s2kjsv7o1,t7urxif3i49r6y2,2024-06-27 04:06:29
w9cw5b3o4oa3mqz,n9w7q21z1qb2q2no,p0tldrs3440d9ko,2024-01-26 12:01:48
w8apll7w9nl4g1z,e3lvg2al02lfu5xe,n4l6gss6o60a7xy,2024-06-30 08:26:58
a99qfy1g3ng4sui,m2hog28b0lr3f3ws,f1cxvgo9158b2ed,2024-08-17 00:59:27
e5up1u5p17o9h7f,j5e9u1nl6xicc9jf,u1h6h7j7b54g2f4,2024-10-21 21:07:10
z7cctw8e6nm4ndp,v4nrp2ii22rla3t6,u8sycnb3952j7i1,2024-04-06 07:36:36
q71qya6x3my8l7j,g3vfu1ct07d2h8sc,o7bbk4m2b73h6fu,2024-01-24 07:48:11
v2yujt9i4li9rll,w3l3c7jy7ewyc5s6,z1lgb2q0414n9hi,2024-06-22 04:07:43
p8aeez1g2sv2iud,j5e9u1nl6xicc9jf,x2b0asq3i00h5uw,2024-05-21 02:43:55
z31wpg0w9is7api,m2e7d17x3mmmq6bz,c2g4tew7l99x8gj,2024-03-30 18:29:21
m7ukzk0x0xs6cnd,q0c9n6ax8jlyl1nx,y5b4myg7468p1wg,2024-06-24 22:53:54
g4jrsk5z71q8w5x,j5e9u1nl6xicc9jf,b8mzkfb8w55n4ul,2024-05-02 19:21:56
t5lzrt8l05e3qmi,h4xwx6qy1svfb2cm,l2dwssx5y83c6f9,2024-08-27 12:58:32
h98vvm2s9oe1caa,x2udt9te4uohx5b5,x2b0asq3i00h5uw,2024-08-13 19:15:46
w7dlxg3c9ov3wxj,c1lcm25b9xnyq0zr,t7urxif3i49r6y2,2023-12-28 11:47:32
q6pelq0a2ta2x4r,q3oid19k12nwh4or,y7x3v3m9x25j6n6,2024-04-07 08:04:25
f49ahj4v58z1hjl,j6ilg0qg6yo0g2hn,s7q8voz7936n6br,2023-12-06 06:17:10
a00j9y2r15d0q5y,w5tlw79t3nhzv2ai,g6l2b1m7l89x3au,2023-12-01 20:59:38
z0xgkn1e56v3cok,j5e9u1nl6xicc9jf,j8t0ofv7f38q1h1,2023-12-11 06:20:16
c4hiky6c8yb0twm,w3whv3qp7ghzi9h2,h7yiweg3715a8hl,2023-11-05 14:12:33
r5jfrv4z8ok4yam,n3d2b0cx0jzmr7pg,h2flaez8e87u8ts,2024-07-04 08:47:37
o6rnlu2l9wu7m8q,e2svw0sd1metr0yt,p1dmnyn9261a7dv,2024-06-04 11:06:30
s00u6q9h2qy8trv,w5tlw79t3nhzv2ai,i2dtbqz2g51r6c3,2024-09-02 00:41:07
w0la1d9j0zt3tjf,n3d2b0cx0jzmr7pg,v7vkaxi8163g8jm,2024-07-08 21:25:25
l7fkzt4u7lg8sus,o3tcs72e3zcrh8bc,a3hezlz3v63x1ox,2024-09-20 08:42:14
i2olrl9j2kb5liv,c9moh2xc8em4g4o1,t7urxif3i49r6y2,2024-08-05 00:29:54
a7cpkv5p8zb0xja,s4pfo1ju74rlj3t2,u7c3euz7o25m1hg,2024-08-07 08:04:24
k1pgqb1e25w2muh,s5t5a66u19lay9cp,f2lfz2j1s98f4nw,2024-03-09 01:45:16
g66azy2u5pn0j1g,t5cza1kw20c7m2jk,x8eojga6l38o0bx,2024-05-16 14:37:45
p81rjb0s0ph9btu,k7yiw2hx15dpe5hm,u7wxn3v1j42f5no,2024-08-21 15:49:59
o7xj4x1c7wd6bbj,w3zfb03c2grzr8wg,h5wexkc4l94k3rr,2024-01-29 15:55:53
b7hesk9t9vi1pvm,o3tcs72e3zcrh8bc,v7vkaxi8163g8jm,2024-03-24 12:27:45
n6hhfh5c5xz8n1d,x1wvi3ui6wklk1u5,e8pfw6n7a05b3iz,2024-04-09 18:22:12
e8twlz8a7rx0r2m,r9lpy1em1ro0t5ko,x1scv7f7432n0xw,2023-10-30 22:58:36
b2qg8y9z86r8ffj,a8vuy5ed8qdxr2bm,r8rtddf0b11u8sg,2024-04-05 15:49:11
o0it2h8t9fz2jmk,j6lev9fa02aha5ze,n7lxj8t6136l4dj,2024-09-17 08:03:11
l5ztbi7u2bv2kow,e5c4e6qm1bqlx8o6,k2bydqz4w47s0b2,2024-05-22 16:40:01
x9tp2r5t98r1uas,s4cqd3or88cky3yf,w0eojqv4x41i0le,2024-09-09 20:46:25
a4ae1f2b2tv0y0p,x2udt9te4uohx5b5,y1cvf1f4w60x1e3,2024-09-27 12:39:01
u96m4o2r58u2a4u,s5nlz0yp4ishd3qa,u9tubuk3t87l4sk,2024-01-01 18:26:18
d46h7c9i6pp7ujd,u9q5i7cl67ibc1ln,w9a5syb2v25x1r5,2024-04-04 05:27:45
o5bhgk1n46q3fyn,x4w1d1ru3wzax7vj,y2gyqsg7o09o8bl,2024-07-25 18:55:16
q4cwjo0w7li1l3y,i1mxu9bo4wddk7w1,g6zryer5b60p0cd,2024-08-29 23:16:13
k7bsjf9e2xk1qrg,v5oux5vs60izm3bf,y3ncuzi4n38o0yp,2024-01-16 19:29:21
f4iven2n8jk5k4j,x1wvi3ui6wklk1u5,p8tcakj4s45g7ob,2024-08-08 12:23:33
o0ui0e1w21l1sia,u4d1k42l6ej6e2ei,q8tcvnr6479p8j4,2024-06-04 09:08:42
z7hhxl4v0po8i7q,s0c1f1cp9qi7q1ta,o8gekta1y94v0xq,2023-12-09 01:10:32
h0ba0t8w9it9rgw,t1vsk6fy6agoi3ro,f9f0f7p0l08b3ee,2024-06-20 02:39:10
c40b5l8o6pk2a6q,k7yiw2hx15dpe5hm,j8t0ofv7f38q1h1,2024-03-25 20:42:27
s8fhze7y2dp3nso,x4w1d1ru3wzax7vj,x1scv7f7432n0xw,2023-11-14 13:08:10
m5pe2k4x0ks0lki,g1z9u24h55dnl3cd,y2gyqsg7o09o8bl,2024-10-15 17:29:05
y3gytn7j7hj4wfj,r0p5o9dl8lc4j4ar,w9a5syb2v25x1r5,2024-09-17 02:14:48
l1vreo0v0hq4ntf,e5c4e6qm1bqlx8o6,o8gekta1y94v0xq,2024-01-23 06:06:48
z2pkff5f6se2nmj,o7fhr03p5balk4ph,u1h6h7j7b54g2f4,2024-05-06 12:31:43
l4xwcc6a6aw7g8c,z8hrp2lo9dr3r8jd,i2dtbqz2g51r6c3,2024-03-11 13:49:34
g4mpgo7q6qe2i0m,a3dwb6zx1klao9o9,y1cvf1f4w60x1e3,2024-09-09 06:20:18
m66u5u9b87w1k2s,j5e9u1nl6xicc9jf,w9a5syb2v25x1r5,2024-09-08 05:09:12
x0cw6i6d01p6p5f,b6sti43j97oiz1gi,d9mgnfq9133o4ez,2024-02-04 22:04:57
m1yabj9i7kk4u6a,m2e7d17x3mmmq6bz,u5e5f1o9429o0x5,2024-02-09 00:15:12
p5va8z5x0wv1ppn,n8bqv7uj1azwy8tf,g8tge2l8w76y1m6,2024-08-10 04:02:30
x13epp9p1ub5yqa,q7d6g2pz0nnqh6gn,i2dtbqz2g51r6c3,2024-03-05 08:54:51
c85rhh5d18f7hjh,a2ncu1gh2nitd4ef,g8tge2l8w76y1m6,2024-06-26 09:46:10
e1mq3e3q1pb3j1e,t9sxa7aj16yxu5mk,m1ljozh1p50v7fc,2024-07-09 02:57:01
w17sxx1e67c3odh,r0p5o9dl8lc4j4ar,t9nardh3w27k7hk,2024-03-06 15:11:17
a0yzfq7n71b7hst,p2vuj80o9cgqx5ie,p0y7rwt1p51t1xt,2024-09-29 13:19:17
z0fn9n7g6yr2t1p,t8rve9he80btz0kf,b9f8s2d6j93l6qp,2024-01-28 11:08:15
e9aobe0k4ej8rlj,l3utf7jv0fw9h2j1,n4l6gss6o60a7xy,2024-03-05 17:14:28
p8ol1b3g8wo9rks,u9q5i7cl67ibc1ln,t7urxif3i49r6y2,2024-10-23 01:27:15
u5unqd6p95o0y8n,c9moh2xc8em4g4o1,u7ikr6a4w28a9mj,2024-03-31 14:57:10
r36zej9n1nd0jom,a3hrr5iq5iuug0c1,u1h6h7j7b54g2f4,2024-07-03 10:50:16
u7zzpp4v3xc6u1m,z2i1n0hu96sld6io,t9juots7327h2no,2024-10-15 21:03:51
a3bvoo6o28p9vii,n0v1y3um62ndm6kw,s7q8voz7936n6br,2023-11-12 12:24:01
c91gua2f77o0mxt,b6tot85p6bpux7fp,b9f8s2d6j93l6qp,2024-01-14 12:16:55
s3je4u6c84e9kiu,w5tlw79t3nhzv2ai,u1h6h7j7b54g2f4,2024-10-21 00:05:52
q3oo7h5p0xn9pfu,g1z9u24h55dnl3cd,h5wexkc4l94k3rr,2023-10-29 07:26:59
n95hvf9c52a6dhw,b6tot85p6bpux7fp,h7vepvm0w34c6wf,2024-05-28 18:28:14
x3rw4t4w7et3uzc,a2ncu1gh2nitd4ef,n4l6gss6o60a7xy,2024-05-12 20:44:57
x58myt2q8kd4fuy,e1f8z8sm5uw8x8as,y2gyqsg7o09o8bl,2024-09-19 01:18:52
g22sog5x2sf6w6d,e5c4e6qm1bqlx8o6,k8wkzhl1k72n3w6,2024-03-12 07:36:07
z9qy1j9r2em9chl,e3q9l43e9qihr3de,j7x8jfk0894a3z9,2023-12-01 16:43:36
b8mq1n6s9pc9t1n,g3vfu1ct07d2h8sc,h5wexkc4l94k3rr,2024-02-08 11:15:13
u79exp6p33w5z4l,m2e7d17x3mmmq6bz,p8ydw9r8x88e7gx,2024-09-21 12:36:35
x1bqob3e01n7gmm,m2e7d17x3mmmq6bz,f9f0f7p0l08b3ee,2024-08-29 21:40:06
r4emxg9d88r4kfd,a2ncu1gh2nitd4ef,u7ikr6a4w28a9mj,2024-01-14 20:06:40
i4ua4m3v16a9t6p,r9lpy1em1ro0t5ko,t9nardh3w27k7hk,2023-10-27 14:00:10
a22uti8t4um8m8u,z5dgo26u0tsyr2ap,u5e5f1o9429o0x5,2024-06-24 20:22:34
x6lqpv0j2jm0bwl,x0npe99e3dj9a5es,w0eojqv4x41i0le,2024-05-09 20:44:38
l3wywl8c9wh9leo,q3oid19k12nwh4or,t9juots7327h2no,2024-09-19 05:06:14
d1uinu6u3by2krj,x0npe99e3dj9a5es,b9f8s2d6j93l6qp,2024-10-16 06:05:31
m11hra1x3wu1v1m,c1awm3ae2ie0y9jc,p1dmnyn9261a7dv,2023-11-01 22:24:56
s5motx1o3pg9ldi,t2o6y3gb1mwob8mt,s7q8voz7936n6br,2024-05-17 03:23:57
j7jqos8k2gz6nor,h5iup7dd2qzkr0df,k8wkzhl1k72n3w6,2024-07-05 19:34:42
s1er7a1x3zh8x1s,a7h5m8pv0zu8j2fk,d3srwhj8z75j8o3,2024-04-08 21:09:58
z66gvm1y7qc9e9x,o3tcs72e3zcrh8bc,y3ncuzi4n38o0yp,2024-04-01 05:13:42
r6qwaa6y2yb6jhj,x0npe99e3dj9a5es,l2dwssx5y83c6f9,2024-10-12 17:38:38
q3safr4p5if3s9q,a7h5m8pv0zu8j2fk,p1dmnyn9261a7dv,2024-02-03 04:59:00
a0xkom0s58u4n2k,g5h7z8hx9iuon8xd,a3hezlz3v63x1ox,2024-02-11 05:53:58
b5sbgs7y8hp2opr,m0nha4js70gen5wd,i2dtbqz2g51r6c3,2024-09-21 10:57:31
x0sk8b5y3ao4qyj,d4vcv6wg08myf0vg,y3ncuzi4n38o0yp,2024-08-05 01:24:54
w1okno0o90r2u5e,e1f8z8sm5uw8x8as,h5wexkc4l94k3rr,2024-09-04 09:22:04
u3cham9i8gy5mbs,u4d1k42l6ej6e2ei,w9a5syb2v25x1r5,2024-04-15 11:44:37
o2futu4m37y0znq,j6yfh8mk8woxu0e4,o6rwpxh0m79m1ca,2024-09-12 05:54:47
r2egld6k7oz9rnl,k8fso63l3wq5f9vm,p9dacgj3s00a1sj,2024-04-07 05:56:17
s5jr6n0m1tl6tpf,n0v1y3um62ndm6kw,p0ixc0d1d19c5ji,2023-11-18 04:10:57
t8fd3s3l06b9z5k,k5z7q9wa54s8f7qj,u7wxn3v1j42f5no,2023-12-26 02:52:54
e6pq7o2c7gv4qyy,j6yfh8mk8woxu0e4,y5b4myg7468p1wg,2024-03-03 23:36:30
d3avfm4u4jy0iwh,u5aqp8in5ax5i8jq,h8bms4v1533w6hv,2024-05-23 07:37:38
f3zhoc2h9vr3dtj,b6yif24t9ftcn2kt,t9juots7327h2no,2024-09-19 03:35:00
e0hcpp1z4gs3s6l,w5tlw79t3nhzv2ai,u7c3euz7o25m1hg,2024-03-02 11:41:18
j4pcwj6s1bq6oce,x3vzs7vt85p9s4ml,h5wexkc4l94k3rr,2024-05-22 01:22:43
j1lv3a5w7bb4qio,h8fmo26q1rima8ep,a9ssfqa2e55z3an,2024-10-02 18:42:03
q9urad4c9fu5z3v,h8fmo26q1rima8ep,m1soxvn2985x3d0,2024-07-04 05:49:41
l0yn5e5n74m4twt,q3oid19k12nwh4or,b6grilw9c84x3bp,2024-04-05 19:26:43
g4wg4q8y47y8fnk,g1gui7xg3zxxd2no,f2lfz2j1s98f4nw,2024-02-06 03:45:54
b7bd6t1g3bq7bza,d7b8s0xa8fxfj4tg,g7fzdrc0u00d7mn,2024-06-20 04:22:51
a0dtwy9u9ao0g8t,f1hlp75b1igpe5se,v7vkaxi8163g8jm,2023-10-29 01:46:28
v3thtp2o0xj9sdr,y5o5t7eq2cv9x3it,f1cxvgo9158b2ed,2024-01-30 21:45:03
j67p5s7s6vu7fwu,r9fqw92c02a6y3v0,n7lxj8t6136l4dj,2024-06-06 08:35:55
r59z0j4z49z4u4q,n6jda00a7gmeu4f2,a1eyr2z8l96i3vz,2024-08-08 19:41:14
v3uzdf4d75g9w4b,y1cin6ls6ljtn2rx,m1soxvn2985x3d0,2024-09-07 03:40:36
v3elwl6l8oh5jvo,y8jxd2kt3spxa7x4,u7ikr6a4w28a9mj,2024-05-25 10:02:14
e0wedp3c0zf0vsl,m2hog28b0lr3f3ws,p8ydw9r8x88e7gx,2024-01-16 04:29:06
f1wb3g8n77j6sku,d6shg4yl6bd5a7fm,d3srwhj8z75j8o3,2024-05-19 09:55:37
l2br0z6s2uu6cyg,x3bec93n8zgxs1ft,o6rwpxh0m79m1ca,2024-10-19 10:38:43
n8niiy0x2px4tzs,e9v5e3uj0qruc8qr,g6l2b1m7l89x3au,2024-03-24 01:08:14
c9xehc5x1pn2jgc,c6mdg2hq2dj0e0v9,c0nvdvv0907x3hj,2024-01-02 20:13:59
r51ypq9a2ea4hgc,e0mlj4hg11vvt4ke,b9f8s2d6j93l6qp,2024-04-10 08:25:10
r28ezo4k8ts3amb,c3ers3fk11jwd9d3,r8rtddf0b11u8sg,2024-03-26 21:29:34
q48v1x7a2pm0s6j,z1jeq60y32sfe3ok,u1h6h7j7b54g2f4,2023-11-10 23:18:27
q2tyrm6d5kr5myf,r6x6w30p02tnv8xq,o6rwpxh0m79m1ca,2024-08-22 18:02:09
n72yaj4k93t3ttg,q0c9n6ax8jlyl1nx,h8bms4v1533w6hv,2024-05-16 08:23:55
i49ult8n9es7otj,j0kue9vx2vpnd3vy,q8tmftx9027k0li,2023-12-21 11:24:34
w0wtwa9c65g1b0z,k8sym0hu1xjah0t9,y3ncuzi4n38o0yp,2024-09-20 18:08:05
m6exjc6p7nf9eej,j5k2r6va3qqfs6o9,o7yfsmn9b22k1e2,2024-05-15 04:35:22
c9gfzt7b6dm0fhq,i9n1a4bp4qv5k5ek,h7hao7s7298i6w3,2024-09-22 02:24:58
q4vdta6l3fx9kcu,p2eif13j0trsu9bv,v4nec2d7e08z7fx,2024-04-08 01:01:59
p5cpqp3a68h8isl,p3gox3pa7mkgc8di,o6rwpxh0m79m1ca,2024-08-24 14:14:13
t0sjub5y30a5ulc,u5aqp8in5ax5i8jq,h9m2c3b2528t0zn,2023-11-01 18:27:43
c42u4p8w0mv3r0w,f5ofm0ww41uay4tn,h7vepvm0w34c6wf,2024-05-31 08:43:36
o1ea1t9j3ve6lck,k1lgx9hv4dnve9e7,g7tfpyk0680c1i9,2023-12-30 07:50:56
c7qfdc9b9yy2u8v,g4pyi29p4lhqo0zs,o8gekta1y94v0xq,2024-06-16 18:29:41
o3hpin8t5xm2nga,h4xwx6qy1svfb2cm,j7x8jfk0894a3z9,2024-02-02 00:38:11
w6xnic8h3ei0t0f,s7lmg4kl3qgfq4sq,c0nvdvv0907x3hj,2024-05-25 09:49:06
j3nago3m2nx5tta,s4x2u4mo75qmv6pv,u8sycnb3952j7i1,2024-05-02 07:35:56
p52ibx2s5eq5uai,k8eau8qf45ucp3l4,t9nardh3w27k7hk,2024-09-11 02:52:25
n6zbgi4l2mt1u5i,m2e7d17x3mmmq6bz,e8pfw6n7a05b3iz,2024-07-21 11:11:32
k1eeqh8m6zj6vwo,n8bqv7uj1azwy8tf,c7hif8x7341e6jm,2024-10-09 01:51:22
t6ceaa5c8zc0nlu,e7o1u13x53jls5kv,p8ydw9r8x88e7gx,2024-09-20 08:43:51
s6fzzx8t3yd4f0e,l4c2y6yu5wwxf9ba,n4l6gss6o60a7xy,2024-03-28 15:14:49
s4xl8n9q2nz5vtu,a6k8l1oi5th1q5d0,p8tcakj4s45g7ob,2024-06-30 15:02:02
l3jxdh0c54t0ssm,q0c9n6ax8jlyl1nx,m1ljozh1p50v7fc,2024-05-15 12:00:57
h11qfy7l14o6uxe,n3d2b0cx0jzmr7pg,e6sbqkb7031b1x9,2023-12-20 22:17:36
p11x2p8g9ic8x9i,w5tlw79t3nhzv2ai,f9f0f7p0l08b3ee,2024-01-01 10:00:59
g4pkvf0m4jt6ywr,z3mwp9oe2ip8q3kz,g6l2b1m7l89x3au,2024-06-22 04:00:42
y2szyx4x6mk4dne,i1mxu9bo4wddk7w1,p1dmnyn9261a7dv,2023-12-02 12:10:00
w1fulj2o6nw4ato,r6x6w30p02tnv8xq,f9f0f7p0l08b3ee,2024-08-17 00:40:55
g7fjgq6t09s7ahz,y6mlw3il4xo1r8un,f9f0f7p0l08b3ee,2024-09-06 00:23:07
v9hrja4q7ec2hop,r5utt15y3yhwo4av,e8pfw6n7a05b3iz,2024-04-30 18:01:33
y6zxdw2h8hv0y4n,h4z6a4pz1bjfr9bl,p0y7rwt1p51t1xt,2024-01-22 19:45:25
m2hvwp5w5gr8qcg,d4vcv6wg08myf0vg,j7x8jfk0894a3z9,2024-07-19 21:56:23
f65knj3u0fz0f1l,o1onu29h84msj1rf,p8tcakj4s45g7ob,2024-02-26 19:13:03
e9zqaq1t67p1mus,p6eyd1jw34rtj2j4,h7hao7s7298i6w3,2024-04-09 07:42:41
r6asgt8g3yr0b5z,j6lev9fa02aha5ze,v7vkaxi8163g8jm,2024-05-30 11:05:17
d8wolr2x0qc2ncq,j6yfh8mk8woxu0e4,p0tldrs3440d9ko,2024-02-18 11:29:22
s06wed4e37r1rpd,q0c9n6ax8jlyl1nx,u7c3euz7o25m1hg,2023-12-09 17:06:43
l61niv6t5ck3wez,o3nox2jr3rs0m0oh,i2dtbqz2g51r6c3,2024-03-25 09:31:12
c5rb0x8p3mr9ozw,y7j1d6bz8jdwt3zx,h8bms4v1533w6hv,2024-07-24 19:10:25
b3ll5e2h5bo9nun,d7r1v7zi9bq9c4q9,q8tmftx9027k0li,2024-08-14 23:55:13
s8zqfu3m28v8nym,g1o9u90j5lrpk8mz,v7vkaxi8163g8jm,2024-07-14 09:41:49
i6ibbb9u6js8qfa,s5t5a66u19lay9cp,x1scv7f7432n0xw,2024-04-07 08:53:25
b1wjfo0x0qw1k5a,i2jfp5hc8ubni7r9,n6vhrwq0n32i3fn,2024-04-17 04:18:28
y72zzn6r1hk6voi,e3lvg2al02lfu5xe,t9nardh3w27k7hk,2024-02-13 19:38:43
q0xbxp5d5gv2qmy,m0ywt9bp2piqq7vh,y8zcuub2572p4ai,2024-01-21 04:36:18
p8auib1g2hw8s6b,g1tza25c22gpz6b5,k8vcruw2l47b0z5,2024-07-21 08:55:47
a3lu0v0l85y7zfe,y6mlw3il4xo1r8un,j8t0ofv7f38q1h1,2024-06-14 08:56:42
v21ave2e42a1uxp,k5z7q9wa54s8f7qj,d9mgnfq9133o4ez,2023-11-19 11:40:11
b9cunt2j6st1ngh,m0ywt9bp2piqq7vh,o8gekta1y94v0xq,2024-02-04 00:16:09
g3udhu5q25c4sbz,d5o6p48c0covg8cb,p9dacgj3s00a1sj,2024-05-04 03:11:21
u74yfx3h4ca9vhu,w3whv3qp7ghzi9h2,u7ikr6a4w28a9mj,2024-01-19 16:45:27
x3knbp5g8df3mye,u1sof9ry31imn5cm,a7punyv7e24r6is,2024-04-19 18:56:41
o65yio6i8xt5kdn,c6mdg2hq2dj0e0v9,l2dwssx5y83c6f9,2024-08-06 17:56:06
g7lteu3x6bl7xrq,w9n4x1le0kequ8o0,l2dwssx5y83c6f9,2024-10-16 04:34:58
r86s0b5n8vw5peo,g1tza25c22gpz6b5,s7q8voz7936n6br,2023-11-20 02:30:19
k3vgsr1r2my2aly,i9n1a4bp4qv5k5ek,t7urxif3i49r6y2,2024-03-08 04:17:54
g55tba8x2qc0oag,e9v5e3uj0qruc8qr,j6l9zis0a44y3au,2024-06-10 15:50:31
a1nwcu1m1cm7m2u,s4cqd3or88cky3yf,v7vkaxi8163g8jm,2024-08-05 14:22:16
j57e6y3a1fo7w3p,i0qdl7an7bfyq9so,o6rwpxh0m79m1ca,2023-12-07 11:27:16
o4nskl8w1gh6j4c,i0qdl7an7bfyq9so,m1ljozh1p50v7fc,2024-03-16 03:15:57
i8aurp6t0zo7cvr,n3osb7kx9kb2e0en,x1scv7f7432n0xw,2023-11-09 16:40:08
d08pdm6y29c4ofc,e2pmg45s2kjsv7o1,k3i8cap4r90y6t0,2024-06-25 17:03:52
s7kkqz9d2uw3hkj,h8fmo26q1rima8ep,p8ydw9r8x88e7gx,2024-05-11 14:31:06
f3cxyf8h6wl5y8h,v3ykq23y0eq8j5vr,m1ljozh1p50v7fc,2024-04-05 12:50:31
f83z4k3p8tc2v5q,q3oid19k12nwh4or,a8i6wgh9o68r1cm,2024-08-24 10:47:32
z20hfp3i17j6rhh,s4x2u4mo75qmv6pv,b8mzkfb8w55n4ul,2023-12-29 21:09:29
u54vgv1t7em9xgg,u0hod1cu40ehu8ki,c9ccycv5227a3wk,2023-11-21 06:01:53
x72dvr2o3qx6c4n,d8zmg9yo78fpa4o8,y3cfxyz8071g5hm,2023-11-18 12:48:43
g1nw7b6o4fv9e9a,g1uba03r3cfhq4s1,f9f0f7p0l08b3ee,2024-03-26 12:16:32
r23tar8y5np1yuk,h5iup7dd2qzkr0df,r8rtddf0b11u8sg,2023-11-21 04:55:08
c1oauq7d8pf0l4h,w5tlw79t3nhzv2ai,f1cxvgo9158b2ed,2024-02-13 12:50:32
v6se6j2h6cl6vnt,g1z9u24h55dnl3cd,a2efkzl4821y9hl,2023-12-21 00:00:15
w9lfht9m9ys4bgg,i5jcy55e5uuys2rh,q8tmftx9027k0li,2024-05-12 18:24:19
m1lyjg0n6hx7fft,p4f9m5be11k8e2ir,c2g4tew7l99x8gj,2024-02-01 18:09:54
c6wzxm5q3wb9vmx,a9g8y1rn8wbnm9mh,y2gyqsg7o09o8bl,2024-04-05 02:42:29
i79yiv9x3gr4yjx,y5o5t7eq2cv9x3it,j7x8jfk0894a3z9,2024-08-11 11:54:19
o7mozl8i5gk6dhi,a9g8y1rn8wbnm9mh,c8oevjx5k63m4n9,2024-08-22 12:46:51
k2qnzy7u07e6b6l,c6mdg2hq2dj0e0v9,n4l6gss6o60a7xy,2024-01-11 22:20:25
j7ya4y5n2rc1y0g,r5utt15y3yhwo4av,u8sycnb3952j7i1,2024-08-15 22:18:32
h9kznb1i2xj6bwc,g6bys43s57b2n4rb,t9juots7327h2no,2024-03-09 02:33:19
l6bfhk4x7pl4ypr,g1z9u24h55dnl3cd,y3ncuzi4n38o0yp,2024-10-16 10:48:44
i5zj8w2u24d7uyb,s4pfo1ju74rlj3t2,y5b4myg7468p1wg,2023-11-09 12:33:07
h2tw2y4i2qv0hqe,r4rce25g1kcnl2cy,h8bms4v1533w6hv,2024-07-23 18:50:41
c77z1c1i4ph4ggt,o2mbh7zd77m2z1m4,u8sycnb3952j7i1,2024-02-13 21:40:55
f5ltas5h4qa7rwn,h4xwx6qy1svfb2cm,w6mtfmz2t14l2dg,2024-04-01 20:38:20
r0fcvo3n6jz5d7u,b6tot85p6bpux7fp,n8arm9n2a46x1s6,2024-02-26 01:59:48
h5xijs5o6ci2qlj,z3mwp9oe2ip8q3kz,y5b4myg7468p1wg,2024-09-02 07:45:23
s8rlhg2e8vn5jur,z2i1n0hu96sld6io,h7hao7s7298i6w3,2024-09-03 13:54:59
o8pjgs1c6zt5enu,m2e7d17x3mmmq6bz,w0eojqv4x41i0le,2024-03-20 09:50:38
r2zzbf9a6np4jxc,d5o6p48c0covg8cb,a7punyv7e24r6is,2024-05-25 00:05:30
o70lez6h5xo3jmf,e0pzn3yo5yubi9c4,a8i6wgh9o68r1cm,2023-12-31 18:12:44
e32uar0i7ad5fbu,o1onu29h84msj1rf,d0b1cuw2792l2r7,2024-01-12 12:42:51
f8pekf2n7pz2b4i,u1b0q4ww6tfcu2dc,i2dtbqz2g51r6c3,2023-11-17 15:18:02
n5rtdf1w36m0fmg,t2o6y3gb1mwob8mt,c7hif8x7341e6jm,2023-11-02 06:24:14
z8bn4h9u9xf6w8u,e0mlj4hg11vvt4ke,w0eojqv4x41i0le,2024-04-28 01:24:11
r3glly6s9ca1y0c,x1bvv2iu22ddv1z2,b6grilw9c84x3bp,2024-08-08 12:51:23
v05tih9t5ys0erk,u5aqp8in5ax5i8jq,h7hao7s7298i6w3,2024-03-29 21:48:53
a8ufou7g37t4ksx,s8dah6yc0uxqq6hy,g7fzdrc0u00d7mn,2024-02-21 11:08:20
d79d4s6s84k2uhx,l3utf7jv0fw9h2j1,n8arm9n2a46x1s6,2024-07-04 09:25:59
h7ytab4n92e1c2y,s8dah6yc0uxqq6hy,h7hao7s7298i6w3,2024-05-10 09:22:26
s0eseq9q71d9qdz,z8hrp2lo9dr3r8jd,w0eojqv4x41i0le,2024-06-13 20:03:10
v2gdyo8g7ds7b9n,a0iwt29d9lg9a2g9,b6grilw9c84x3bp,2024-02-04 00:00:52
v2zutq7a9jq1wns,s4pfo1ju74rlj3t2,y3cfxyz8071g5hm,2023-12-26 23:41:09
t3ugue2w1he0s3e,a3dwb6zx1klao9o9,p0y7rwt1p51t1xt,2024-05-17 13:30:03
u7aztx8s8uy5ydu,x3vzs7vt85p9s4ml,h9m2c3b2528t0zn,2024-03-30 14:15:32
b2vvqu9j1as8cuh,a6k8l1oi5th1q5d0,r8rtddf0b11u8sg,2023-11-26 07:48:36
n3lmjw2x6ow6m4y,z3mwp9oe2ip8q3kz,o6rwpxh0m79m1ca,2024-07-26 13:10:58
o0gkro5x25x5nts,s8dah6yc0uxqq6hy,v4nec2d7e08z7fx,2023-11-12 13:55:08
o5dmxv4r3le3okf,k5z7q9wa54s8f7qj,c8oevjx5k63m4n9,2024-08-18 15:24:42
r1xsfx6y41d7k8m,y3gik3az8ot0p7p6,o6rwpxh0m79m1ca,2024-07-24 14:08:39
x1uhvj3t6em8abj,o1onu29h84msj1rf,r8rtddf0b11u8sg,2024-08-13 02:05:04
r66xtu1t3fk2alo,q3oid19k12nwh4or,g7tfpyk0680c1i9,2024-02-16 02:24:32
y61qeh7c86x9brt,i0qdl7an7bfyq9so,d9mgnfq9133o4ez,2024-05-08 16:26:27
f2fqnp9k6ol5pcr,c9moh2xc8em4g4o1,s1cka0z1851w7ax,2023-12-26 12:25:38
i2bu8h1k98c2k6d,f1hlp75b1igpe5se,h7vepvm0w34c6wf,2024-10-14 17:37:02
o9crxe2f3lm2x4e,v3ykq23y0eq8j5vr,j7x8jfk0894a3z9,2024-06-28 23:44:53
x7cuhj3e55w2dor,r0p5o9dl8lc4j4ar,a1eyr2z8l96i3vz,2024-04-10 06:40:53
b70dvs3s4yn6mjd,t4i4s03g9aq8q4k5,u1h6h7j7b54g2f4,2024-04-24 03:29:17
u1tp8h2w6ws2hlo,p6eyd1jw34rtj2j4,v4nec2d7e08z7fx,2023-11-22 08:52:06
u3nhhh5s65c6mqq,r0kbp55g7gyuv3b4,d0b1cuw2792l2r7,2023-11-12 16:17:25
z2uune7n9jn1osz,m2ryi2wq0sa5y6ew,e8pfw6n7a05b3iz,2024-05-21 17:04:12
s47bik3h7ob9hpu,t9sxa7aj16yxu5mk,n4l6gss6o60a7xy,2024-02-23 03:40:35
p48h9l7g89v6ryz,p1vrs9zs0nqbg8sk,j6l9zis0a44y3au,2024-09-14 03:34:37
n4suvh5c9da9tyv,b6tot85p6bpux7fp,g8tge2l8w76y1m6,2024-09-15 15:53:54
n3kkue8o23i4wdb,o3tcs72e3zcrh8bc,b8mzkfb8w55n4ul,2024-04-12 12:04:56
r81fay8x3hx9k8w,f5ofm0ww41uay4tn,t7urxif3i49r6y2,2024-04-28 13:26:05
l8jeaq5b5dz7ixe,p6eyd1jw34rtj2j4,o6rwpxh0m79m1ca,2024-10-17 04:08:30
x0dtyk0o8qw0zea,s0c1f1cp9qi7q1ta,t9juots7327h2no,2024-04-11 21:26:23
a3lwrc1t2rj8dts,f5ofm0ww41uay4tn,u8sycnb3952j7i1,2023-12-31 07:51:52
x5hktr7x07c8v9i,z8hrp2lo9dr3r8jd,f1cxvgo9158b2ed,2024-08-13 04:01:56
c1imin2d4wt0zur,j5e9u1nl6xicc9jf,h2flaez8e87u8ts,2024-01-28 23:38:59
d2qozl7a88s9h8x,o3tcs72e3zcrh8bc,f1cxvgo9158b2ed,2024-04-27 15:04:49
u9bsdw6m3fw8t2z,m4v3d12t59x6g0ds,u7ikr6a4w28a9mj,2024-04-25 22:54:34
j9te3n6n86z8jfi,e1f8z8sm5uw8x8as,u7wxn3v1j42f5no,2024-03-02 03:35:30
p5jwbk1b6to9wsr,a6k8l1oi5th1q5d0,z1lgb2q0414n9hi,2024-09-05 16:15:54
n45clb9x47a1arr,k8sym0hu1xjah0t9,y8zcuub2572p4ai,2024-10-12 05:44:30
k1ccsg7l7je6b5s,d6shg4yl6bd5a7fm,i9q2xqn9t93z6yn,2024-09-10 23:12:49
s1gako5i1pq1gkp,r0kbp55g7gyuv3b4,p8ydw9r8x88e7gx,2024-02-20 15:22:00
w3ykgi5i0ac9ioa,u1sof9ry31imn5cm,e6sbqkb7031b1x9,2024-03-26 03:25:32
l08q1x5g1sy0zio,x2udt9te4uohx5b5,p0y7rwt1p51t1xt,2024-08-16 07:20:08
u5phve4r44d7mvm,y3gik3az8ot0p7p6,p3cquxk3t09k7lq,2024-01-02 00:11:48
k2ljvq8v1bl7pak,y7j1d6bz8jdwt3zx,h8bms4v1533w6hv,2024-05-03 23:43:36
g6sakh8f7qp6m6d,p4hla26u0et2j4vz,a2efkzl4821y9hl,2024-04-06 18:58:52
g8yyea2k4ko2otr,x0npe99e3dj9a5es,o8gekta1y94v0xq,2024-02-13 16:04:51
r3lw3l2t1ab2bbx,e9v5e3uj0qruc8qr,b9f8s2d6j93l6qp,2024-07-19 09:32:18
m78pme1j3yf2qqs,j6ilg0qg6yo0g2hn,g8tge2l8w76y1m6,2024-02-19 01:21:46
c1ojva4d3ey0fqq,a3dwb6zx1klao9o9,l2dwssx5y83c6f9,2023-12-28 04:25:05
i5jocg6f8ol2t8z,u0hod1cu40ehu8ki,a3hezlz3v63x1ox,2024-09-24 10:13:26
b1ubxd1r6jr7hca,c1lcm25b9xnyq0zr,h7yiweg3715a8hl,2024-08-04 02:21:40
p0vt0z3q5gk2d7l,e7o1u13x53jls5kv,o8gekta1y94v0xq,2024-10-03 20:27:55
m8rgtt6z9jm5k6k,e1f8z8sm5uw8x8as,n7lxj8t6136l4dj,2023-11-29 09:32:30
h4ilfq1v9jc8mpy,s4x2u4mo75qmv6pv,o7bbk4m2b73h6fu,2024-04-21 08:49:55
b66fsl2p4vu9kwt,a2ncu1gh2nitd4ef,t7urxif3i49r6y2,2024-02-06 13:25:55
f6laim2l54l6wsw,l3utf7jv0fw9h2j1,a1eyr2z8l96i3vz,2024-07-07 14:37:04
p0fobf6c0dm5a4r,o1k3x4fl2utxv5hk,k8vcruw2l47b0z5,2024-09-13 14:49:19
s25hrl6n9ai0a9q,p3pry0st1xnuf3e0,p8tcakj4s45g7ob,2024-07-17 13:23:27
v41vpd5p4dg3jtg,n3d2b0cx0jzmr7pg,n6vhrwq0n32i3fn,2024-09-09 16:21:24
n0glgp6q4ia7hhx,y1cin6ls6ljtn2rx,e8pfw6n7a05b3iz,2024-10-13 06:16:25
v6yr9e2o43h4nnl,d4vcv6wg08myf0vg,p8ydw9r8x88e7gx,2024-10-05 19:35:48
x62o7q1v7zr5utc,u1sof9ry31imn5cm,w9a5syb2v25x1r5,2024-01-16 23:16:35
g8wdpw6e0dy9qdl,k7yiw2hx15dpe5hm,c0nvdvv0907x3hj,2023-11-17 14:03:26
x6yies2j2rx6doy,p4tpc3ws3hsem6ek,b8mzkfb8w55n4ul,2023-11-17 14:10:35
u1mhha0y9sx7sea,p4hla26u0et2j4vz,p0y7rwt1p51t1xt,2024-09-13 05:01:02
f9pgoq1s55l5xhe,a7h5m8pv0zu8j2fk,a3hezlz3v63x1ox,2024-03-10 03:21:16
f97ett5y2yc0g1x,p6eyd1jw34rtj2j4,a8i6wgh9o68r1cm,2024-02-05 17:23:10
r0hpef2g43d3xnl,f4fap8zg5mhwr8zo,a9ssfqa2e55z3an,2024-03-05 18:06:01
x1auya0h0gx7m7m,n0v1y3um62ndm6kw,z0b2zxe8i74w0kk,2024-04-03 01:27:19
h9hlzv6c6ev5sbz,b6sti43j97oiz1gi,u7wxn3v1j42f5no,2024-02-10 06:16:46
b83yxc7l2wp2nws,k8fso63l3wq5f9vm,h7hao7s7298i6w3,2024-05-29 12:32:56
a3ayvw3l5yn4ptk,w0mdo5yf22bxu7wn,g7fzdrc0u00d7mn,2024-09-02 10:46:00
r78j6b4m0cd6sgl,f5ofm0ww41uay4tn,a8i6wgh9o68r1cm,2023-11-15 07:01:21
k8iyue8m7ed5u7n,b0bsv8mk3ydiy6mc,k8vcruw2l47b0z5,2024-07-21 12:07:47
t52dyb4w5ae8owa,j7z2t7ev0zh9j7gr,u5e5f1o9429o0x5,2024-08-08 15:04:20
g56pnz8s9om5b4w,k7yiw2hx15dpe5hm,r8rtddf0b11u8sg,2024-05-04 02:10:55
s6zxxs8p6sb1x0r,e9v5e3uj0qruc8qr,l2dwssx5y83c6f9,2024-06-19 13:24:17
s6uetp8q4ks3dnp,r9fqw92c02a6y3v0,d9mgnfq9133o4ez,2024-05-12 06:36:48
h7gl4f3z4gc3dua,c9moh2xc8em4g4o1,g6l2b1m7l89x3au,2024-09-12 09:56:09
c1okeo0i7je7jbw,j4i4f39g4qhxw5ce,u8sycnb3952j7i1,2023-12-05 15:01:01
v9qvwx8k1rv4y4y,w0tjs0ux6zvhr6f4,w6mtfmz2t14l2dg,2024-09-27 06:29:12
m76rnf5p4vp4oag,g1z9u24h55dnl3cd,f1cxvgo9158b2ed,2023-12-25 23:05:50
e4vtdm5n5xq1q9g,d8zmg9yo78fpa4o8,c7hif8x7341e6jm,2023-11-10 05:46:33
x5wsig0d1fq1e1j,g2dkt6gt7txlx4ya,k2bydqz4w47s0b2,2023-12-22 16:51:50
u91j9x3g7rh1i4s,y1cin6ls6ljtn2rx,c8oevjx5k63m4n9,2024-02-24 05:19:36
v2ia4m5n4mw4wil,u5aqp8in5ax5i8jq,s7q8voz7936n6br,2023-11-30 17:35:33
o0ld2k6e2qg9w2x,z5dgo26u0tsyr2ap,f2lfz2j1s98f4nw,2024-09-07 12:33:37
e4nxyy6k7kq8y2y,o5atn4ib39o8h7v5,o6rwpxh0m79m1ca,2024-04-11 21:56:12
z85aee3k12i4axg,c1awm3ae2ie0y9jc,t7urxif3i49r6y2,2024-05-21 19:58:23
q3ykab2m2jp3uwt,h4z6a4pz1bjfr9bl,h5wexkc4l94k3rr,2024-04-22 13:52:00
v5ghbi9v6kg5hek,o1k3x4fl2utxv5hk,q8tcvnr6479p8j4,2024-07-04 19:16:01
a1xemz7d7rf6ezo,a6k8l1oi5th1q5d0,t9juots7327h2no,2024-06-28 18:40:58
n1em4m3x7jx5t5f,h9fwn2yb9wkuj1j7,p9dacgj3s00a1sj,2023-12-19 04:26:10
j61rgy2i7xq4frw,g1o9u90j5lrpk8mz,d3srwhj8z75j8o3,2024-05-08 18:44:52
z6fzmv5e9we3ytf,f4fap8zg5mhwr8zo,r3r0twx7r45v0d2,2024-03-06 12:33:30
z3xb8t4a28l4lym,p2eif13j0trsu9bv,d3srwhj8z75j8o3,2024-08-08 18:08:00
u4gseb7p56z6b6z,j5k2r6va3qqfs6o9,c9ccycv5227a3wk,2024-06-18 09:10:13
p34tsb7s54m1y4o,m2e7d17x3mmmq6bz,w0eojqv4x41i0le,2024-08-02 20:19:17
r3qekp9b5ba8ygw,m2hog28b0lr3f3ws,u7ikr6a4w28a9mj,2024-05-11 07:17:47
h7ylue2u8fd6d1p,e2svw0sd1metr0yt,m1ijzeq6326k1aj,2024-10-06 23:06:11
q6fm6g6c96z8z7a,n8bqv7uj1azwy8tf,q8tmftx9027k0li,2024-04-16 15:56:23
w0ydhd1h22f5utx,v5oux5vs60izm3bf,q8tcvnr6479p8j4,2023-12-17 19:05:52
p7wnbt1w9yk9pjn,m0vni5iv2vytq0xc,t5okzgd2777f6wd,2024-02-01 17:17:44
k7ch9t7k5tl9k1t,w3l3c7jy7ewyc5s6,v7vkaxi8163g8jm,2024-02-19 04:37:27
a54j6g3h56d4dzr,o5atn4ib39o8h7v5,d3srwhj8z75j8o3,2023-10-29 18:03:45
g1gjdd4a82r2gis,r4v9b4kf5mjqu0sl,t7urxif3i49r6y2,2024-09-23 01:08:57
g3gg7a6i4ve4yik,c1awm3ae2ie0y9jc,c9ccycv5227a3wk,2024-05-09 07:38:14
t33ppr1i49b5z2v,t5l1v35a6xkaj1ns,x2b0asq3i00h5uw,2024-03-04 19:34:09
x7ppks8y6sk6nrw,g4pyi29p4lhqo0zs,d3srwhj8z75j8o3,2024-05-06 17:32:54
h7mtrd2x8rk1y1c,h5iup7dd2qzkr0df,q8tmftx9027k0li,2024-02-02 03:51:42
y7id9s2k55j7bzb,s4pfo1ju74rlj3t2,g8tge2l8w76y1m6,2024-04-01 16:33:06
f2pu5i9u4fu9b1w,o3nox2jr3rs0m0oh,k8vcruw2l47b0z5,2024-08-28 07:21:24
d2qtba5l5ar4oyx,u6rlh3nj6vgak9vo,p0y7rwt1p51t1xt,2024-03-20 19:46:04
d52oqm4l50z5jpu,d4vcv6wg08myf0vg,m1soxvn2985x3d0,2024-06-13 18:28:20
z9ddwb0b1gz9fwy,m0vni5iv2vytq0xc,b6grilw9c84x3bp,2023-11-02 05:12:21
h9vwet6s5en1aef,c3ers3fk11jwd9d3,w6xijqs3p86q0ea,2023-11-16 23:25:38
t3fw4c2m2xf6gon,e9jzh2qn17v8r0rj,p0ixc0d1d19c5ji,2024-09-11 11:10:21
c8ns8y3w4qa4qqk,y7j1d6bz8jdwt3zx,u8sycnb3952j7i1,2024-06-29 01:28:50
u9utaj7u73t4kab,w5dsp13r6gchq2v8,h5wexkc4l94k3rr,2024-02-13 18:48:45
y7wdbp4d52t5i7k,w5tlw79t3nhzv2ai,i5c4xqu4c09y2aj,2024-05-27 15:24:35
e13z9u1y9kn3z4s,y6mlw3il4xo1r8un,f2lfz2j1s98f4nw,2024-01-30 05:19:53
t31mmp2n0yd3hll,s5nlz0yp4ishd3qa,m1soxvn2985x3d0,2024-08-01 18:52:10
n72ejw0e85o8lei,w9n4x1le0kequ8o0,x1scv7f7432n0xw,2024-09-21 01:17:10
w4lihu9e8rx2lfw,r0p5o9dl8lc4j4ar,j6l9zis0a44y3au,2024-06-11 21:23:03
e86oif8v1tb7jmf,p8b8e8vy1hcde2m8,v7vkaxi8163g8jm,2024-02-05 04:25:34
c23ijw4t17m6x3k,v4q2w5ak2rujw8y9,d0b1cuw2792l2r7,2024-08-18 18:39:42
z36q6d8f3zr6hfd,g5h7z8hx9iuon8xd,f9f0f7p0l08b3ee,2024-09-20 13:19:25
y5mjjo6f4qm8o7v,z3mwp9oe2ip8q3kz,t5okzgd2777f6wd,2024-04-26 02:04:19
p3sm8f5z2wd5wox,k1lgx9hv4dnve9e7,m1soxvn2985x3d0,2024-04-16 05:07:21
x1cn1o3o0yj8ebs,y8fet2zs5ba1g5xz,g7tfpyk0680c1i9,2023-11-24 11:43:23
l6yfjn5h4qd2wwi,x3bec93n8zgxs1ft,e6sbqkb7031b1x9,2024-07-29 00:49:54
s8va7p4m0wl9gqa,s2rhj37c8hv8t9jt,k8vcruw2l47b0z5,2024-05-13 01:09:19
r3vl0k2t1hs5qgf,p4hla26u0et2j4vz,h5wexkc4l94k3rr,2024-06-09 23:26:02
x9ieyx5m8qv3kbe,g1uba03r3cfhq4s1,a2efkzl4821y9hl,2024-08-13 09:23:34
z2zhzs3x5es6rsj,u0hod1cu40ehu8ki,h8bms4v1533w6hv,2023-11-22 10:02:48
t7btqi8g1tu6d3i,k5z7q9wa54s8f7qj,v4nec2d7e08z7fx,2024-02-26 02:57:42
f86wws3q23e6lyc,s2rhj37c8hv8t9jt,u9tubuk3t87l4sk,2024-05-28 11:41:11
d5yeut7t8ud0rzz,w3l3c7jy7ewyc5s6,h9m2c3b2528t0zn,2023-11-24 10:25:34
t1frmt3r4sq3p0e,t4i4s03g9aq8q4k5,c8oevjx5k63m4n9,2024-08-02 04:34:57
g1xj9g7e2xl3o3a,v4q2w5ak2rujw8y9,z1lgb2q0414n9hi,2024-09-01 00:42:37
q9lw0i2i9ot7bdo,g8one2bu3kskw9g6,w6xijqs3p86q0ea,2024-08-29 22:46:43
v4tm5i7c1rr4lir,z5dgo26u0tsyr2ap,h9m2c3b2528t0zn,2024-07-11 22:05:50
p5gnjh2v2yg1wwb,v6u8m19s3nhqw7uu,j7x8jfk0894a3z9,2024-08-11 04:30:23
m75tkc0z31a4feu,v4nrp2ii22rla3t6,h7hao7s7298i6w3,2023-11-02 10:34:36
q5ki4s3t1ct1qbl,k8fso63l3wq5f9vm,p9dacgj3s00a1sj,2024-06-25 04:30:15
a86l9a1b1ki8vsr,y7j1d6bz8jdwt3zx,u1h6h7j7b54g2f4,2024-03-20 22:57:42
o9dojr1o96e6mwy,v4q2w5ak2rujw8y9,d0b1cuw2792l2r7,2024-09-26 09:40:15
r8cuba4h06y0ial,a7h5m8pv0zu8j2fk,x2b0asq3i00h5uw,2024-10-20 16:55:48
g4nrnq5x2he2wky,f7bxg27p2llmu0d5,e6sbqkb7031b1x9,2023-11-23 02:51:23
y0ubho6u9ow3j3x,s4x2u4mo75qmv6pv,q8tcvnr6479p8j4,2024-03-26 05:53:32
y2lb5y1l2nv7ksh,g1o9u90j5lrpk8mz,m1soxvn2985x3d0,2023-11-17 03:26:35
i03vps0i9xf9oyy,u8lbs7hp68yra7ad,i9q2xqn9t93z6yn,2024-05-12 17:22:10
u54bqa8l0gf0n2u,i9hrr21y4np5l6k1,m1ljozh1p50v7fc,2024-10-21 05:03:59
a2mb5g5x8ls7yxy,g1uba03r3cfhq4s1,s7q8voz7936n6br,2024-02-29 13:51:17
l19bzd6v41h4rnm,r9fqw92c02a6y3v0,j8t0ofv7f38q1h1,2024-04-02 20:44:40
y7lq8d7x0al2jup,b6sti43j97oiz1gi,j7x8jfk0894a3z9,2024-10-22 21:56:59
o8mogq9c9rs1xma,e1f8z8sm5uw8x8as,p0ixc0d1d19c5ji,2024-03-21 13:38:27
u2gbou3c1nd0t3l,z2i1n0hu96sld6io,s1cka0z1851w7ax,2023-12-24 21:47:16
c1ooig5o2ur7fhs,q3oid19k12nwh4or,q8tcvnr6479p8j4,2023-12-26 23:39:40
p1axqa0y62t7y1d,e1f8z8sm5uw8x8as,h2flaez8e87u8ts,2024-04-14 18:32:48
g3csvj5k5ze6lmr,m0vni5iv2vytq0xc,s7q8voz7936n6br,2024-03-22 17:59:11
l9ymko1d1di1dfq,u5aqp8in5ax5i8jq,x1scv7f7432n0xw,2024-02-06 00:26:02
h33jcl3p3kp9o7a,e2svw0sd1metr0yt,q8tmftx9027k0li,2024-08-13 02:27:05
t80ikq0w3mt9a6w,u8lbs7hp68yra7ad,i2dtbqz2g51r6c3,2024-06-19 06:38:35
v9tqqc5c3iz0aou,p3gox3pa7mkgc8di,b9f8s2d6j93l6qp,2024-09-29 23:33:30
s8fghh1s00w7y3x,s2rhj37c8hv8t9jt,c9ccycv5227a3wk,2024-04-19 05:24:24
x1ubdw7n82n2yqb,t0k7o01c16ukq5ii,h9m2c3b2528t0zn,2024-09-03 20:32:45
u5fvnr9p7dt4pjq,i0qdl7an7bfyq9so,m1ljozh1p50v7fc,2023-11-23 08:12:50
f0jkxn9k5xp6z7x,b6yif24t9ftcn2kt,h2flaez8e87u8ts,2024-04-13 18:14:44
s4btmd7q84y4d5v,u9q5i7cl67ibc1ln,k3i8cap4r90y6t0,2023-11-14 05:30:26
t4bb4u9m0nh4pos,s5t5a66u19lay9cp,f9f0f7p0l08b3ee,2024-04-17 05:47:55
b9dyjm1s6ez8tuu,p4tpc3ws3hsem6ek,o8gekta1y94v0xq,2023-12-22 11:56:42
y2vfnp6b00f4yvb,d5o6p48c0covg8cb,c0nvdvv0907x3hj,2024-03-22 12:50:35
g15idp2o5aj7nty,h4z6a4pz1bjfr9bl,u7wxn3v1j42f5no,2024-07-28 03:14:35
d8nhbn4a8dj5nzf,f4fap8zg5mhwr8zo,h9m2c3b2528t0zn,2023-11-12 05:58:59
d3mb2a8x26h4lev,i9n1a4bp4qv5k5ek,u7ikr6a4w28a9mj,2024-08-31 10:06:10
t6cs4e3k80v3x9i,n8bqv7uj1azwy8tf,u7wxn3v1j42f5no,2024-10-18 18:34:46
p2pu9o4u8iy1nmq,f1hlp75b1igpe5se,u7c3euz7o25m1hg,2024-01-25 02:25:26
v23eer1b5so3cot,e5c4e6qm1bqlx8o6,t9nardh3w27k7hk,2024-09-14 21:24:39
r5cixu1p8ue0zuy,e3q9l43e9qihr3de,a2efkzl4821y9hl,2024-03-13 02:04:20
g9mchv9l8sd4z5q,a6k8l1oi5th1q5d0,p3cquxk3t09k7lq,2024-10-16 14:10:10
c9hwiu8f1md4tbq,w0mdo5yf22bxu7wn,d9mgnfq9133o4ez,2024-10-26 08:05:12
k95ipx2v8if1low,g2dkt6gt7txlx4ya,y1cvf1f4w60x1e3,2024-08-09 21:20:23
b9inuo3t7vv7mtc,b6yif24t9ftcn2kt,o7yfsmn9b22k1e2,2023-12-25 18:00:57
l88jhk1v2cw0zdu,h5iup7dd2qzkr0df,c2g4tew7l99x8gj,2023-11-18 22:20:32
d8epjc3d8de7jwd,i1mxu9bo4wddk7w1,x2b0asq3i00h5uw,2024-05-18 20:46:23
k42jnb3o6yk3izr,m8lvy8zx4kjvc2q3,y2gyqsg7o09o8bl,2024-05-23 06:19:16
o0wxoo3f66n6h0h,s4pfo1ju74rlj3t2,p9dacgj3s00a1sj,2024-07-21 10:16:03
r67jbn5n6po3cjg,r4v9b4kf5mjqu0sl,k8wkzhl1k72n3w6,2024-06-30 07:29:32
x22nwc4v82t6kvq,c7mqd9aq3abpo9lx,h9m2c3b2528t0zn,2024-03-29 05:06:21
c92ehu7q2gq8qtr,x1els4ff01ywk7fe,h7hao7s7298i6w3,2023-12-06 05:43:51
n2imtn7m73v0vhz,j7z2t7ev0zh9j7gr,a8i6wgh9o68r1cm,2024-04-19 08:55:49
r8lxgi3s2oa6n2p,z2i1n0hu96sld6io,d0b1cuw2792l2r7,2024-05-30 09:39:12
y14gqz1p2sa9a7d,b6yif24t9ftcn2kt,h7hao7s7298i6w3,2023-12-04 23:33:00
k81qip3z1gu7fmw,m0ywt9bp2piqq7vh,k8vcruw2l47b0z5,2023-12-03 10:45:32
j3hxbl6l15p7jik,w0mdo5yf22bxu7wn,u7ikr6a4w28a9mj,2024-01-01 06:48:23
t7vn4q9r59r6ghd,h3ckz8fo7xmrt9t0,m1soxvn2985x3d0,2024-06-12 14:19:46
y8xudw5a2gt0k1i,u0hod1cu40ehu8ki,c7hif8x7341e6jm,2024-09-26 22:44:41
b0jrjc6a6ge3e6g,p4hla26u0et2j4vz,u7wxn3v1j42f5no,2024-08-07 11:53:28
c95vxq5v3zk5bpz,o5atn4ib39o8h7v5,g7fzdrc0u00d7mn,2024-04-04 10:10:49
f91x5n9w56a7q7q,h9fwn2yb9wkuj1j7,s1cka0z1851w7ax,2024-04-03 13:14:42
t1zosb2m88g6wzq,z1jeq60y32sfe3ok,i2dtbqz2g51r6c3,2024-09-05 06:11:52
w4rxvz6c5wj5fei,g1tza25c22gpz6b5,u5e5f1o9429o0x5,2024-07-08 19:21:13
k3fp7r2q3fa8fun,d8zmg9yo78fpa4o8,c9ccycv5227a3wk,2024-01-02 05:56:50
n7kbjq0u9ck3ziw,v3ykq23y0eq8j5vr,n6vhrwq0n32i3fn,2024-04-12 05:17:02
a8ylku2b5fm1h3m,p6eyd1jw34rtj2j4,v7vkaxi8163g8jm,2024-04-25 18:54:31
p30q0a7i6wq7mxp,g4pyi29p4lhqo0zs,a8i6wgh9o68r1cm,2024-02-09 21:00:01
v33kdc9m1sc5l0u,z5dgo26u0tsyr2ap,a2efkzl4821y9hl,2024-06-27 03:56:38
q7rmaj0q8pk9lya,c5p3p65z47wwn8es,a9ssfqa2e55z3an,2023-10-27 18:08:29
g8aign2n7tc3z9t,p3gox3pa7mkgc8di,s1cka0z1851w7ax,2024-01-11 23:35:35
b9bvtk7p02j3qrs,x0jqy6yp9lvph6j2,g7tfpyk0680c1i9,2024-02-26 09:12:37
a27nby2t2nw8ovw,p4nod4br2tjnn5yq,z0b2zxe8i74w0kk,2024-05-25 14:53:57
j4csjm0c9ko5gyu,j5k2r6va3qqfs6o9,p0tldrs3440d9ko,2024-05-27 10:35:19
u76pvm5e25h5p6v,x3c1m18j9weof4m7,t9juots7327h2no,2024-08-05 03:24:45
n5ubhj5c5tw7l8z,n6jda00a7gmeu4f2,c2g4tew7l99x8gj,2023-11-03 02:07:39
l55lej9w6pp6hes,f1hlp75b1igpe5se,a2efkzl4821y9hl,2023-11-05 15:42:27
n3sldh2r4vv6c3t,g1o9u90j5lrpk8mz,i5c4xqu4c09y2aj,2024-07-19 09:31:35
v50hns2b9ak9cfe,c6mdg2hq2dj0e0v9,c8oevjx5k63m4n9,2024-07-14 16:25:55
o7nq7y0h3yz8mdf,w0mdo5yf22bxu7wn,o7bbk4m2b73h6fu,2024-06-22 06:32:35
s2ytst8z3vw2pus,t4i4s03g9aq8q4k5,v4nec2d7e08z7fx,2023-11-29 19:22:50
q01zzs7e7pb4eft,d3d7w9af9kzgy3oi,h8bms4v1533w6hv,2024-03-14 12:29:06
n1pf7h2g4lw5qpz,n9w7q21z1qb2q2no,y5b4myg7468p1wg,2024-08-23 05:08:02
d7ojis2y63o0gbe,k8ulp8wf2xqbk9cy,d0b1cuw2792l2r7,2024-09-03 23:36:04
r2isej6e5pa3zug,p3pry0st1xnuf3e0,p8tcakj4s45g7ob,2024-06-28 16:16:45
b6ku0a1n3vs4n0h,g6bys43s57b2n4rb,b9f8s2d6j93l6qp,2024-08-12 04:56:43
t36hsc7y66s2yvk,p8b8e8vy1hcde2m8,h7vepvm0w34c6wf,2024-08-10 23:49:20
a0ibxp6x34f5adq,o1k3x4fl2utxv5hk,n8arm9n2a46x1s6,2024-09-28 19:00:16
e50w4h2x7fd5nfs,w0tjs0ux6zvhr6f4,j8t0ofv7f38q1h1,2024-09-12 01:17:42
n4hnhg3x28u0eiz,e0pzn3yo5yubi9c4,y1cvf1f4w60x1e3,2024-09-30 12:59:33
h7nzwy0h20j5p9h,x4w1d1ru3wzax7vj,p9dacgj3s00a1sj,2023-10-31 04:07:31
h9srto1w1bg5cxk,u1b0q4ww6tfcu2dc,n4l6gss6o60a7xy,2024-01-23 19:28:06
n9vgbj1p92n7ukf,s4x2u4mo75qmv6pv,u7wxn3v1j42f5no,2024-05-21 15:17:53
j93imb6b0uc3fjj,u5aqp8in5ax5i8jq,i9q2xqn9t93z6yn,2024-08-24 02:12:07
g70ynr6k3as2kdi,x1wvi3ui6wklk1u5,x1scv7f7432n0xw,2024-01-05 03:32:58
s77r2e9q28h5teg,n3d2b0cx0jzmr7pg,o8gekta1y94v0xq,2024-03-11 08:20:15
j5koxj9q9rr5lgm,p5taz6nb6rf4u0r8,o7bbk4m2b73h6fu,2024-06-13 23:54:19
z8tdmc1c9aj9w8e,y3tkl63d5soeb1rb,o8gekta1y94v0xq,2024-01-19 06:27:23
i9rtaq1m0fq6bsr,d8zmg9yo78fpa4o8,m1soxvn2985x3d0,2024-09-10 07:16:26
u2njhb9x34b0szc,c1awm3ae2ie0y9jc,a8i6wgh9o68r1cm,2024-02-03 03:25:32
h2yuky8m5mo1euk,g3vfu1ct07d2h8sc,a7punyv7e24r6is,2024-08-29 11:27:51
m2rmyq7m0cz4fid,u1elf63o1xgls7q5,h5wexkc4l94k3rr,2023-12-02 15:53:33
m2ca6w8n6og6sgl,d7b8s0xa8fxfj4tg,w6xijqs3p86q0ea,2024-06-14 21:52:50
e6lxcf9k78w3lul,g9gma6na9envj0b6,z0b2zxe8i74w0kk,2024-01-25 22:21:49
v90a9k5z0jm4f5d,k8sym0hu1xjah0t9,x8eojga6l38o0bx,2024-05-23 12:53:54
r6wulo2y4bs0p8d,k2ygo7ba2fvgs7ev,p0y7rwt1p51t1xt,2024-06-26 13:33:55
i7xncw2v7gl1mxn,k5z7q9wa54s8f7qj,o7bbk4m2b73h6fu,2024-09-02 00:45:04
l3ry8w6a5hw6ijn,s7lmg4kl3qgfq4sq,j8t0ofv7f38q1h1,2024-04-21 12:30:55
a5ptvk7o65o4rbf,x0npe99e3dj9a5es,u9tubuk3t87l4sk,2024-07-19 12:38:48
t1jxsh6g61a0bcf,g1tza25c22gpz6b5,n7lxj8t6136l4dj,2024-10-19 05:10:05
n82yyh0l78x8yym,s7lmg4kl3qgfq4sq,w6mtfmz2t14l2dg,2024-08-19 23:11:05
o9cnzy6j6ao9qks,u8lbs7hp68yra7ad,g6zryer5b60p0cd,2023-12-10 17:29:28
d9swik8c5jk2q3l,f7bxg27p2llmu0d5,g6l2b1m7l89x3au,2024-09-26 05:12:51
l6nrbg2q0fb5bwr,b0bsv8mk3ydiy6mc,p8ydw9r8x88e7gx,2024-04-13 10:00:44
m6gs5l0o4px6idl,a3hrr5iq5iuug0c1,j6l9zis0a44y3au,2024-04-12 12:42:43
w01jve9f3yw0y1x,i9hrr21y4np5l6k1,w6xijqs3p86q0ea,2024-05-13 06:54:41
g5fvko1x6dv8ktv,g9gma6na9envj0b6,k8wkzhl1k72n3w6,2024-09-21 23:13:44
q6dn4i0e7cc2oxk,m8lvy8zx4kjvc2q3,d0b1cuw2792l2r7,2024-06-19 22:14:05
t4hzbh5z8nx1vka,y5o5t7eq2cv9x3it,c9ccycv5227a3wk,2024-01-20 19:30:49
e28yzy1w9tp1c7z,z1jeq60y32sfe3ok,e8pfw6n7a05b3iz,2024-09-19 11:10:16
r3lhom0w59m6ajf,q0c9n6ax8jlyl1nx,m1ijzeq6326k1aj,2024-10-17 23:59:41
n4wbas7c8dy9yzz,h4z6a4pz1bjfr9bl,j8t0ofv7f38q1h1,2024-02-01 19:26:59
u2vx7h6d0vi1gqy,x3c1m18j9weof4m7,h8bms4v1533w6hv,2024-08-26 10:44:41
m5pcqm7c77u9z2d,y8fet2zs5ba1g5xz,o7yfsmn9b22k1e2,2024-04-01 12:25:45
g58inc1g52o7amy,p4tpc3ws3hsem6ek,f1cxvgo9158b2ed,2024-06-12 04:40:34
r86jkc6e7bj6h8k,w0tjs0ux6zvhr6f4,h7hao7s7298i6w3,2024-03-24 08:33:58
z32olz1h95c3rvt,r9fqw92c02a6y3v0,e8pfw6n7a05b3iz,2024-01-11 23:14:55
v2keph3x7yi1ooc,e5c4e6qm1bqlx8o6,u1h6h7j7b54g2f4,2024-07-04 12:08:31
i5rmwq8l2oz6sxj,m2hog28b0lr3f3ws,d3srwhj8z75j8o3,2024-06-25 19:04:07
d0boll7h2iv4izp,u1elf63o1xgls7q5,o7bbk4m2b73h6fu,2024-04-02 16:23:58
h3tdmx6m9ba6g7g,r5utt15y3yhwo4av,y7x3v3m9x25j6n6,2024-10-08 05:14:02
j4uvol4q3by1j1y,o2axs62i3cham6lu,k3i8cap4r90y6t0,2024-05-26 15:02:05
b2rtvq8l3iw6mkn,a0iwt29d9lg9a2g9,f2lfz2j1s98f4nw,2024-10-19 19:16:01
z4xdmw7p3mr1r3s,d7b8s0xa8fxfj4tg,u7wxn3v1j42f5no,2023-12-24 05:15:20
p1kmqg1m39o0sol,u0hod1cu40ehu8ki,p1dmnyn9261a7dv,2024-06-27 06:11:49
q7mr4m0q7oa0aej,e0pzn3yo5yubi9c4,t9juots7327h2no,2023-12-08 19:15:36
g4wk7w9d04y7jmb,w0mdo5yf22bxu7wn,y8zcuub2572p4ai,2024-03-24 12:55:42
r1cjud9e76c4qwq,i2d1a29f52x9f6ko,q8tmftx9027k0li,2023-12-02 22:08:58
j6jbwq6b60d6udg,w5tlw79t3nhzv2ai,g6zryer5b60p0cd,2024-09-12 14:02:14
o5un7s5m8sk6ndd,u1b0q4ww6tfcu2dc,u9tubuk3t87l4sk,2024-03-27 08:56:04
f4pz6b9j9jz2h9g,c7mqd9aq3abpo9lx,z0b2zxe8i74w0kk,2024-09-02 07:04:08
r33wsr2z4sk1bji,p2eif13j0trsu9bv,a1eyr2z8l96i3vz,2024-05-23 07:57:54
n7odrf0p2uv3odh,j7z2t7ev0zh9j7gr,k8vcruw2l47b0z5,2024-07-09 00:52:54
d1wziw9o1pc5kpf,x3vzs7vt85p9s4ml,g6l2b1m7l89x3au,2024-08-27 02:46:05
o36u6j4i8uu3xwm,p5taz6nb6rf4u0r8,x8eojga6l38o0bx,2024-04-01 09:27:24
u11uym2u1zh3ouz,r0kbp55g7gyuv3b4,t7urxif3i49r6y2,2024-06-02 11:10:18
f91syl8o5tp0czc,m0ywt9bp2piqq7vh,p1dmnyn9261a7dv,2023-11-29 07:02:23
e9zcyy3i45r1bmq,g1gui7xg3zxxd2no,k2bydqz4w47s0b2,2024-10-01 01:44:40
t8pyri8h5zy8z5r,v4q2w5ak2rujw8y9,t9nardh3w27k7hk,2024-09-16 05:32:42
g3xvfm1q3ei7g0f,o7fhr03p5balk4ph,h5wexkc4l94k3rr,2024-09-13 17:37:18
e2yyut1j6vw7m8p,p8b8e8vy1hcde2m8,i2dtbqz2g51r6c3,2024-04-27 06:30:38
o67gkd6k5ez0gxx,a3hrr5iq5iuug0c1,x8eojga6l38o0bx,2024-02-25 03:07:00
l47n1a7v46o8yvs,d5o6p48c0covg8cb,j8klb8o0740n1x8,2024-08-29 13:48:04
t6jhqg8g5rp7cun,f4fap8zg5mhwr8zo,n7lxj8t6136l4dj,2024-06-02 14:38:32
z68hsi9f5vv9m9x,z5dgo26u0tsyr2ap,f9f0f7p0l08b3ee,2024-05-25 17:44:03
d4ylku8b51u7i6g,j4i4f39g4qhxw5ce,u7wxn3v1j42f5no,2024-05-06 16:42:16
z43gqg8z9if8eze,y1cin6ls6ljtn2rx,k8wkzhl1k72n3w6,2024-08-14 09:11:02
g9yspi6z8rb2yyf,v3ykq23y0eq8j5vr,a8i6wgh9o68r1cm,2023-12-01 09:37:13
b47xql3z4ju7oqf,w3l3c7jy7ewyc5s6,t9nardh3w27k7hk,2024-03-27 10:11:59
g1vwoy2p9re1t1o,c7mqd9aq3abpo9lx,z1lgb2q0414n9hi,2024-02-08 19:19:57
g51wkt3c3go3ami,a3hrr5iq5iuug0c1,u9tubuk3t87l4sk,2024-03-09 23:24:28
j71z1f6f5el3faz,u5gex7gi4myul7uc,f9f0f7p0l08b3ee,2024-03-25 10:42:24
c0cn9a1j3he9iki,z8hrp2lo9dr3r8jd,t9juots7327h2no,2024-10-25 05:23:05
t5yplq3g39a5d9l,m2hog28b0lr3f3ws,u9tubuk3t87l4sk,2024-05-20 18:27:12
j7pydf4m9ey9lhw,t1vsk6fy6agoi3ro,l2dwssx5y83c6f9,2024-09-20 19:51:35
m4vtow5v81m4osp,x1wvi3ui6wklk1u5,c9ccycv5227a3wk,2024-06-12 01:20:56
u6ujeg6l2ug9zqy,j4gii7yo81l7x1gv,i5c4xqu4c09y2aj,2024-10-20 23:02:29
i6uxpq2m13o5xdx,w3l3c7jy7ewyc5s6,i9q2xqn9t93z6yn,2024-01-26 14:00:02
j83x2e9k4dm0r0m,u6rlh3nj6vgak9vo,r3r0twx7r45v0d2,2024-09-08 04:06:25
x47eaq2b95r8wkx,u0hod1cu40ehu8ki,d9mgnfq9133o4ez,2024-04-29 14:34:44
c95zzv9h8qh3mdv,g1z9u24h55dnl3cd,x8eojga6l38o0bx,2024-08-20 12:46:17
u5adct0z0rx6s8v,v3ykq23y0eq8j5vr,k3i8cap4r90y6t0,2024-05-05 08:18:16
q4hisb1i4cg9h9l,k8fso63l3wq5f9vm,g6l2b1m7l89x3au,2024-10-17 02:35:17
f4hxop3x9li5asp,k8fso63l3wq5f9vm,y2gyqsg7o09o8bl,2024-09-15 20:43:03
a9xhwq6v3es9tax,o3tcs72e3zcrh8bc,y3cfxyz8071g5hm,2024-01-21 16:50:42
s0xcvx4b76m5f8l,p4tpc3ws3hsem6ek,h7yiweg3715a8hl,2023-11-29 16:12:36
m6py8k0n8bk0uwl,g9gma6na9envj0b6,q8tmftx9027k0li,2024-01-04 22:08:09
x7ewta5h3bc7xpc,q3oid19k12nwh4or,m1ljozh1p50v7fc,2024-03-28 15:52:29
o60ynj0w96m6dfw,a8vuy5ed8qdxr2bm,c9ccycv5227a3wk,2023-12-20 01:02:08
f57vvg3e5pq4dwe,w9n4x1le0kequ8o0,m1ljozh1p50v7fc,2024-07-25 17:19:15
i3ae4i6k8gl6jsl,n3d2b0cx0jzmr7pg,u7wxn3v1j42f5no,2024-07-20 12:14:54
u7mvxv9w0ug9cpu,r0kbp55g7gyuv3b4,v7vkaxi8163g8jm,2024-08-01 00:10:16
n34r1x3g7ab7kod,t5l1v35a6xkaj1ns,w6mtfmz2t14l2dg,2024-06-26 15:29:47
h1axfj4x2pn7qet,s4cqd3or88cky3yf,q8tmftx9027k0li,2024-06-24 12:29:46
m1et2f6e97c2tqi,g9gma6na9envj0b6,o7yfsmn9b22k1e2,2024-05-20 11:43:59
j7dxnv4b82g3esz,x3vzs7vt85p9s4ml,h9m2c3b2528t0zn,2023-12-09 23:52:53
g0fq6e8y0cg3y8x,h5iup7dd2qzkr0df,a1eyr2z8l96i3vz,2024-02-09 21:34:38
r9pgmn7z9fn0h8y,y5o5t7eq2cv9x3it,y3ncuzi4n38o0yp,2023-12-06 00:54:56
p88bql6j09u5xur,m2hog28b0lr3f3ws,u5e5f1o9429o0x5,2024-09-03 13:40:11
m53xin5g53d0p3d,p4hla26u0et2j4vz,t5okzgd2777f6wd,2024-07-19 19:22:43
s0awjh9t07a3mih,n3osb7kx9kb2e0en,t5okzgd2777f6wd,2024-07-09 03:14:20
r4jm1h5a95x3xzf,t9sxa7aj16yxu5mk,i9q2xqn9t93z6yn,2023-11-29 00:01:56
w4lp0r2c6mf2ocm,p4tpc3ws3hsem6ek,t9juots7327h2no,2024-04-07 04:28:04
p8acbi3p2zd6thl,p4nod4br2tjnn5yq,u8sycnb3952j7i1,2024-09-10 17:12:59
v5uv2b4z65o3jxk,m4v3d12t59x6g0ds,h7yiweg3715a8hl,2024-10-26 08:40:10
j9nwkl1d87d6tnp,c6mdg2hq2dj0e0v9,h9m2c3b2528t0zn,2024-06-15 17:40:43
e08tzl0z2qe1wua,d7r1v7zi9bq9c4q9,k3i8cap4r90y6t0,2024-09-08 20:37:22
y06mux2w6xk0jya,i9hrr21y4np5l6k1,r8rtddf0b11u8sg,2024-04-26 15:22:21
z70wxw2y3uf6ohj,o2mbh7zd77m2z1m4,x1scv7f7432n0xw,2024-08-29 22:28:05
l0ncum3r3db9m1l,q3oid19k12nwh4or,f1cxvgo9158b2ed,2024-02-04 05:22:13
b99htj7k2ft2ngu,u0hod1cu40ehu8ki,w0eojqv4x41i0le,2024-06-14 03:56:24
p47col3c3ez2buk,t2o6y3gb1mwob8mt,t7urxif3i49r6y2,2024-01-16 01:00:38
u1nsnn6w1gb2njo,m0ywt9bp2piqq7vh,h7yiweg3715a8hl,2023-12-27 17:05:16
s2pw1l3r3eu9jza,a1xyb2xt60lnd2s8,f1cxvgo9158b2ed,2024-07-30 10:51:14
c0ndpr3s7yn9sql,w3zfb03c2grzr8wg,x1scv7f7432n0xw,2024-08-25 04:41:47
m4js3v4s4yu9zrw,u1b0q4ww6tfcu2dc,h7vepvm0w34c6wf,2023-11-08 16:11:25
h8hajx6t68f1p0w,b6sti43j97oiz1gi,c2g4tew7l99x8gj,2024-08-29 02:50:29
j04unk7z29b9k6u,s2rhj37c8hv8t9jt,y1cvf1f4w60x1e3,2024-08-23 01:14:52
y4wzpb5j9nc1g3q,t1vsk6fy6agoi3ro,u9tubuk3t87l4sk,2024-08-08 18:25:09
y8eqmk2p2dr1o2q,m0ywt9bp2piqq7vh,u7ikr6a4w28a9mj,2024-03-18 15:47:34
p2pggy5s00x5mwe,n3osb7kx9kb2e0en,p0ixc0d1d19c5ji,2023-11-19 19:39:23
a83pvr5b08c1hao,x2z9s0hv6jt4e1x6,u1h6h7j7b54g2f4,2023-11-09 17:14:48
q8qjsx7g8eq9ddl,m0nha4js70gen5wd,b9f8s2d6j93l6qp,2024-10-09 18:03:57
f0tcdu8l6nw1a9y,p4f9m5be11k8e2ir,g7fzdrc0u00d7mn,2024-09-21 01:43:02
j6qtcr5c55g6s3t,w3zfb03c2grzr8wg,g7tfpyk0680c1i9,2024-05-07 11:28:03
l0redj5v1fb8y6t,x3vzs7vt85p9s4ml,y7x3v3m9x25j6n6,2024-04-14 13:16:00
m88tvv7q7qp9fiy,e1f8z8sm5uw8x8as,p8tcakj4s45g7ob,2024-01-29 19:05:40
p2fiaw7z9fl7vhu,z1jeq60y32sfe3ok,t7urxif3i49r6y2,2024-04-08 10:52:46
y5np8v0z7pc9kfd,m4v3d12t59x6g0ds,h7yiweg3715a8hl,2024-04-08 23:32:45
k2eycl5y98e1lck,g9gma6na9envj0b6,h2flaez8e87u8ts,2024-07-01 18:26:51
f1gyhb4a46u7dzb,g4pyi29p4lhqo0zs,i5c4xqu4c09y2aj,2024-10-01 11:55:23
e1skbm7u8zr5wyq,d7b8s0xa8fxfj4tg,b9f8s2d6j93l6qp,2024-08-22 09:56:11
q1yrwk8l87r4fyr,d8zmg9yo78fpa4o8,l2dwssx5y83c6f9,2024-07-19 06:18:15
d2rpqa7w4zv2nwa,r6x6w30p02tnv8xq,j7x8jfk0894a3z9,2024-04-22 15:25:41
e18b6n9i7yq1s6e,z5dgo26u0tsyr2ap,k8wkzhl1k72n3w6,2024-10-20 10:01:49
d64saz4e5au0c3w,g3vfu1ct07d2h8sc,a2efkzl4821y9hl,2024-06-29 18:15:22
k38tfx9u79s6voc,n0v1y3um62ndm6kw,d9mgnfq9133o4ez,2024-02-11 02:17:08
u0mc9k6k98m1ehq,z8hrp2lo9dr3r8jd,h8bms4v1533w6hv,2024-06-11 13:22:24
w7rjng7g6cf4ror,b6yif24t9ftcn2kt,i5c4xqu4c09y2aj,2024-08-19 06:59:12
f9dcol5d7ec2bwq,f5ofm0ww41uay4tn,r8rtddf0b11u8sg,2024-04-09 01:16:39
f94hty6o4nb1nja,t8rve9he80btz0kf,g6zryer5b60p0cd,2024-05-31 21:47:10
x00l2f3v4lk2vmj,i2d1a29f52x9f6ko,g6zryer5b60p0cd,2024-07-30 04:00:03
p2vaqb3m7pc0yor,m2ryi2wq0sa5y6ew,p9dacgj3s00a1sj,2024-06-28 16:50:39
p5pgqf5m38o3lwr,k2ygo7ba2fvgs7ev,q8tmftx9027k0li,2024-01-01 18:45:13
i6vjbn2a05l6w9p,d7r1v7zi9bq9c4q9,m1ijzeq6326k1aj,2023-12-28 09:40:52
y51pvv8g0xp8f3r,o7fhr03p5balk4ph,r3r0twx7r45v0d2,2024-06-22 09:08:25
y39ybo8x4zr0n3n,j4i4f39g4qhxw5ce,v4nec2d7e08z7fx,2023-12-27 18:10:04
j4guli3o6ti4j7t,d7b8s0xa8fxfj4tg,l2dwssx5y83c6f9,2024-06-22 20:16:16
o7cbgs1d1wu6sad,z3mwp9oe2ip8q3kz,g8tge2l8w76y1m6,2023-12-05 21:41:02
d6ysmz6e54i6jhe,h9fwn2yb9wkuj1j7,h7vepvm0w34c6wf,2024-04-30 21:24:59
